actDescription,claimPaid,notificationDate,guarantee,claimOutstanding,actDate,actCategory,coverRef,coverId,actType,actId,incidentId,actValue,incidentDate,coverStartDate,anomaly_type
[],13.65,2021-10-05 13:54:38.007741,0,0,2021-09-21,PREVENTION,sub_JpakMyv4nzqxvr-250269590444547,Sub_1638713-0,VERM,C_cpa916zx_1,C_cpa916zx,13.65,2021-09-21,2021-11-07,sinistre_before_contract_start
[],6.49,2021-07-16 15:34:47.558025,0,0,2021-07-15,PREVENTION,sub_JpakMyv4nzqxvr-250269590444547,Sub_1638713-0,VERM,C_k4t5j9de_1,C_k4t5j9de,6.49,2021-07-15,2021-11-07,sinistre_before_contract_start
['visite vaccinale'],58.0,2021-07-28 11:48:58.616626,0,0,2021-07-28,PREVENTION,sub_JpakMyv4nzqxvr-250269590444547,Sub_1638713-0,VACC,C_l32znwn5_1,C_l32znwn5,58.0,2021-07-28,2021-11-07,sinistre_before_contract_start
['pododermatite'],96.8,2021-11-15 16:56:00.059765,0,0,2021-11-12,MALADIE,sub_Jq5jg58xypU0rw-250269590160186,Sub_1621708-0,EXAM,C_q2269dmw_1,C_q2269dmw,96.8,2021-11-05,2021-12-07,sinistre_before_contract_start
[],50.0,2021-07-12 17:07:21.481857,0,0,2021-07-09,PREVENTION,sub_JodNBw149mzy6D-642099000808800,Sub_1705179-0,EXAMA,C_g1t88xgs_1,C_g1t88xgs,50.0,2021-07-09,2021-08-07,sinistre_before_contract_start
[],36.0,2021-07-12 17:07:21.481857,0,0,2021-07-09,PREVENTION,sub_JodNBw149mzy6D-642099000808800,Sub_1705179-0,STER,C_g1t88xgs_2,C_g1t88xgs,36.0,2021-07-09,2021-08-07,sinistre_before_contract_start
[],13.2,2021-07-12 17:07:21.481857,0,0,2021-07-09,PREVENTION,sub_JodNBw149mzy6D-642099000808800,Sub_1705179-0,EXAMA,C_g1t88xgs_3,C_g1t88xgs,13.2,2021-07-09,2021-08-07,sinistre_before_contract_start
[],0.8,2021-07-12 17:07:21.481857,0,0,2021-07-09,PREVENTION,sub_JodNBw149mzy6D-642099000808800,Sub_1705179-0,EXAMA,C_g1t88xgs_4,C_g1t88xgs,36.0,2021-07-09,2021-08-07,sinistre_before_contract_start
['100 euros atteint'],0.0,2021-07-12 17:07:21.481857,0,0,2021-07-09,PREVENTION,sub_JodNBw149mzy6D-642099000808800,Sub_1705179-0,PHAR,C_g1t88xgs_5,C_g1t88xgs,14.1,2021-07-09,2021-08-07,sinistre_before_contract_start
['100 euros atteint'],0.0,2021-07-12 17:07:21.481857,0,0,2021-07-09,PREVENTION,sub_JodNBw149mzy6D-642099000808800,Sub_1705179-0,PHAR,C_g1t88xgs_6,C_g1t88xgs,17.0,2021-07-09,2021-08-07,sinistre_before_contract_start
['visite vaccinale'],29.8,2021-09-17 16:49:51.015660,0,0,2021-09-16,PREVENTION,sub_K0srTUtGyMdr4I-250268743914219,Sub_1470005-0,VACC,C_00re9my4_1,C_00re9my4,60.0,2021-09-16,2021-10-08,sinistre_before_contract_start
['visite vaccinale'],60.0,2021-08-19 14:35:11.004788,0,0,2021-08-11,PREVENTION,sub_K0srTUtGyMdr4I-250268743914219,Sub_1470005-0,EXAMA,C_2gfdaarr_1,C_2gfdaarr,60.0,2021-08-11,2021-10-08,sinistre_before_contract_start
['visite vaccinale'],5.7,2021-08-19 14:35:11.004788,0,0,2021-08-11,PREVENTION,sub_K0srTUtGyMdr4I-250268743914219,Sub_1470005-0,PHAR,C_2gfdaarr_2,C_2gfdaarr,5.7,2021-08-11,2021-10-08,sinistre_before_contract_start
['visite vaccinale'],4.5,2021-08-19 14:35:11.004788,0,0,2021-08-11,PREVENTION,sub_K0srTUtGyMdr4I-250268743914219,Sub_1470005-0,VERM,C_2gfdaarr_3,C_2gfdaarr,4.5,2021-08-11,2021-10-08,sinistre_before_contract_start
['visite vaccinale'],69.0,2021-11-29 18:43:13.785466,0,0,2021-11-26,PREVENTION,sub_1Jv2qUF5i98BakySWuK7k3oC-250269610162078,Sub_1273293-0,EXAMA,C_rl7d826x_1,C_rl7d826x,69.0,2021-11-26,2021-12-11,sinistre_before_contract_start
[],24.0,2021-11-29 18:43:13.785466,0,0,2021-11-26,PREVENTION,sub_1Jv2qUF5i98BakySWuK7k3oC-250269610162078,Sub_1273293-0,VACC,C_rl7d826x_2,C_rl7d826x,24.0,2021-11-26,2021-12-11,sinistre_before_contract_start
[],7.0,2021-11-29 18:43:13.785466,0,0,2021-11-26,PREVENTION,sub_1Jv2qUF5i98BakySWuK7k3oC-250269610162078,Sub_1273293-0,ANTP,C_rl7d826x_3,C_rl7d826x,14.5,2021-11-26,2021-12-11,sinistre_before_contract_start
['vaccin leucose'],75.5,2021-07-27 14:24:06.434013,0,0,2021-07-29,PREVENTION,sub_JSATGaZHghCK53-250268732109705,Sub_1861157,VACC,C_pp2bxati_2,C_pp2bxati,75.5,2021-07-29,2021-09-05,sinistre_before_contract_start
[],80.0,2021-05-11 13:45:43.654371,0,0,2021-05-10,PREVENTION,sub_JRmKqpXgGRCfZ4-643093300038996,Sub_1643593,VACC,C_tijf2pu9_1,C_tijf2pu9,80.0,2021-05-10,2021-08-05,sinistre_before_contract_start
[],3.0,2021-05-11 13:45:43.654371,0,0,2021-05-10,PREVENTION,sub_JRmKqpXgGRCfZ4-643093300038996,Sub_1643593,VERM,C_tijf2pu9_2,C_tijf2pu9,3.0,2021-05-10,2021-08-05,sinistre_before_contract_start
[],17.0,2021-05-11 13:45:43.654371,0,0,2021-05-10,PREVENTION,sub_JRmKqpXgGRCfZ4-643093300038996,Sub_1643593,ANTP,C_tijf2pu9_4,C_tijf2pu9,36.5,2021-05-10,2021-08-05,sinistre_before_contract_start
['délai de demande dépassé /  visite vaccinale'],63.0,2021-09-28 13:24:24.133522,0,0,2021-07-15,PREVENTION,sub_JdlFnCXCsUTnOe-250269608554373,Sub_1990817-0,VACC,C_s2o8rqsk_1,C_s2o8rqsk,63.0,2021-07-15,2021-09-06,sinistre_before_contract_start
[],91.3,2021-07-07 16:53:21.766205,0,0,2021-06-23,PREVENTION,sub_Jd1hdS4LQ7OK6n-250269300001109,Sub_1705044-0,EXAMA,C_0kgbkggw_1,C_0kgbkggw,91.3,2021-06-23,2021-07-06,sinistre_before_contract_start
['visite vaccinale'],66.0,2021-11-30 15:01:06.091869,0,0,2021-11-29,PREVENTION,sub_1JuzfwF5i98BakySn1Yo8aoJ-250269699507734,Sub_1048542-0,EXAMA,C_miw0y1va_1,C_miw0y1va,66.0,2021-11-29,2021-12-11,sinistre_before_contract_start
[],12.0,2021-11-30 15:01:06.091869,0,0,2021-11-29,PREVENTION,sub_1JuzfwF5i98BakySn1Yo8aoJ-250269699507734,Sub_1048542-0,ANTP,C_miw0y1va_2,C_miw0y1va,12.0,2021-11-29,2021-12-11,sinistre_before_contract_start
[],3.2,2021-11-30 15:01:06.091869,0,0,2021-11-29,PREVENTION,sub_1JuzfwF5i98BakySn1Yo8aoJ-250269699507734,Sub_1048542-0,VERM,C_miw0y1va_3,C_miw0y1va,3.2,2021-11-29,2021-12-11,sinistre_before_contract_start
['100 â‚¬ atteint'],100.0,2021-08-04 09:59:24.268487,0,0,2021-08-03,PREVENTION,sub_JoeFQoAgqa8ix9-250268502032234,Sub_1323847-0,STER,C_notzco8p_1,C_notzco8p,155.0,2021-08-03,2021-08-07,sinistre_before_contract_start
[],20.4,2021-11-15 16:32:20.880881,0,0,2021-11-03,PREVENTION,sub_1JjmCEF5i98BakySuZgbZdMy-250269608974697,Sub_1334268-0,CALIM,C_8m8q13x9_2,C_8m8q13x9,20.4,2021-11-03,2021-12-10,sinistre_before_contract_start
[],5.84,2021-11-15 16:32:20.880881,0,0,2021-11-03,PREVENTION,sub_1JjmCEF5i98BakySuZgbZdMy-250269608974697,Sub_1334268-0,CALIM,C_8m8q13x9_3,C_8m8q13x9,5.84,2021-11-03,2021-12-10,sinistre_before_contract_start
[],15.2,2021-11-15 16:32:20.880881,0,0,2021-11-03,PREVENTION,sub_1JjmCEF5i98BakySuZgbZdMy-250269608974697,Sub_1334268-0,CALIM,C_8m8q13x9_4,C_8m8q13x9,15.2,2021-11-03,2021-12-10,sinistre_before_contract_start
[],9.06,2021-11-15 16:32:20.880881,0,0,2021-11-09,PREVENTION,sub_1JjmCEF5i98BakySuZgbZdMy-250269608974697,Sub_1334268-0,VACC,C_8m8q13x9_5,C_8m8q13x9,49.5,2021-11-09,2021-12-10,sinistre_before_contract_start
['vaccin'],49.5,2021-10-14 13:45:48.988895,0,0,2021-10-12,PREVENTION,sub_1JjmCEF5i98BakySuZgbZdMy-250269608974697,Sub_1334268-0,VACC,C_9tut0i6n_1,C_9tut0i6n,49.5,2021-10-12,2021-12-10,sinistre_before_contract_start
[],40.3,2021-06-10 16:52:35.889211,0,0,2021-06-10,PREVENTION,sub_Je3GUVQgWGR475-250268501922929,Sub_1225425-0,VERM,C_7ztj0hv2_1,C_7ztj0hv2,40.3,2021-06-10,2021-10-06,sinistre_before_contract_start
[],8.3,2021-06-10 16:52:35.889211,0,0,2021-06-10,PREVENTION,sub_Je3GUVQgWGR475-250268501922929,Sub_1225425-0,ANTP,C_7ztj0hv2_2,C_7ztj0hv2,8.3,2021-06-10,2021-10-06,sinistre_before_contract_start
['epillet'],37.0,2021-09-15 15:52:09.975858,0,0,2021-09-08,ACCIDENT,sub_Je3GUVQgWGR475-250268501922929,Sub_1225425-0,EXAM,C_nos2ll6e_1,C_nos2ll6e,37.0,2021-09-08,2021-10-06,sinistre_before_contract_start
[],16.4,2021-09-15 15:52:09.975858,0,0,2021-09-08,ACCIDENT,sub_Je3GUVQgWGR475-250268501922929,Sub_1225425-0,PHAR,C_nos2ll6e_2,C_nos2ll6e,16.4,2021-09-08,2021-10-06,sinistre_before_contract_start
[],51.4,2021-07-02 16:59:16.333446,0,0,2021-07-02,PREVENTION,sub_Je3GUVQgWGR475-250268501922929,Sub_1225425-0,VACC,C_xeeym47w_1,C_xeeym47w,61.0,2021-07-02,2021-10-06,sinistre_before_contract_start
[],45.0,2021-08-04 14:42:28.346438,0,0,2021-06-21,MALADIE,sub_JaT8nf48gTcvxs-900164001992555,Sub_1221902-0,EXAM,C_xnzygd2a_1,C_xnzygd2a,45.0,2021-05-24,2021-05-31,sinistre_before_contract_start
[],12.0,2021-08-04 14:42:28.346438,0,0,2021-06-21,MALADIE,sub_JaT8nf48gTcvxs-900164001992555,Sub_1221902-0,EXAM,C_xnzygd2a_2,C_xnzygd2a,12.0,2021-05-24,2021-05-31,sinistre_before_contract_start
[],75.0,2021-08-04 14:42:28.346438,0,0,2021-06-21,MALADIE,sub_JaT8nf48gTcvxs-900164001992555,Sub_1221902-0,EXAM,C_xnzygd2a_3,C_xnzygd2a,75.0,2021-05-24,2021-05-31,sinistre_before_contract_start
[],6.2,2021-08-04 14:42:28.346438,0,0,2021-06-21,MALADIE,sub_JaT8nf48gTcvxs-900164001992555,Sub_1221902-0,PHAR,C_xnzygd2a_4,C_xnzygd2a,6.2,2021-05-24,2021-05-31,sinistre_before_contract_start
[],8.6,2021-08-04 14:42:28.346438,0,0,2021-06-21,MALADIE,sub_JaT8nf48gTcvxs-900164001992555,Sub_1221902-0,PHAR,C_xnzygd2a_5,C_xnzygd2a,8.6,2021-05-24,2021-05-31,sinistre_before_contract_start
[],13.9,2021-08-04 14:42:28.346438,0,0,2021-06-21,MALADIE,sub_JaT8nf48gTcvxs-900164001992555,Sub_1221902-0,PHAR,C_xnzygd2a_6,C_xnzygd2a,13.9,2021-05-24,2021-05-31,sinistre_before_contract_start
[],21.6,2021-08-04 14:42:28.346438,0,0,2021-06-21,MALADIE,sub_JaT8nf48gTcvxs-900164001992555,Sub_1221902-0,PHAR,C_xnzygd2a_7,C_xnzygd2a,21.6,2021-05-24,2021-05-31,sinistre_before_contract_start
[],47.0,2021-11-26 13:31:13.600541,0,0,2021-11-25,PREVENTION,sub_K1jEoCToTkqi44-250268501586462,Sub_1860316-0,OST,C_brhh4yeh_1,C_brhh4yeh,47.0,2021-11-25,2021-12-08,sinistre_before_contract_start
[],15.92,2021-07-13 16:59:34.604142,0,0,2021-07-02,MALADIE,sub_JSTA6dBG7fvUQA-250268731585060,Sub_1458054,EXAM,C_D_159499NSW_1,C_D_159499NSW,19.9,2021-06-30,2021-10-05,sinistre_before_contract_start
[],12.0,2021-07-13 16:59:34.604142,0,0,2021-07-02,MALADIE,sub_JSTA6dBG7fvUQA-250268731585060,Sub_1458054,PHAR,C_D_159499NSW_2,C_D_159499NSW,15.0,2021-06-30,2021-10-05,sinistre_before_contract_start
[],8.64,2021-07-13 16:59:34.604142,0,0,2021-07-02,MALADIE,sub_JSTA6dBG7fvUQA-250268731585060,Sub_1458054,EXAM,C_D_159499NSW_3,C_D_159499NSW,10.8,2021-06-30,2021-10-05,sinistre_before_contract_start
[],28.56,2021-07-05 16:59:34.238256,0,0,2021-06-30,ACCIDENT,sub_JSTA6dBG7fvUQA-250268731585060,Sub_1458054,EXAM,C_ihgdogt8_1,C_ihgdogt8,35.7,2021-06-30,2021-10-05,sinistre_before_contract_start
[],43.28,2021-07-05 16:59:34.238256,0,0,2021-06-30,ACCIDENT,sub_JSTA6dBG7fvUQA-250268731585060,Sub_1458054,EXAM,C_ihgdogt8_2,C_ihgdogt8,54.1,2021-06-30,2021-10-05,sinistre_before_contract_start
[],11.84,2021-07-05 16:59:34.238256,0,0,2021-06-30,ACCIDENT,sub_JSTA6dBG7fvUQA-250268731585060,Sub_1458054,EXAM,C_ihgdogt8_3,C_ihgdogt8,14.8,2021-06-30,2021-10-05,sinistre_before_contract_start
[],8.64,2021-07-05 16:59:34.238256,0,0,2021-06-30,ACCIDENT,sub_JSTA6dBG7fvUQA-250268731585060,Sub_1458054,EXAM,C_ihgdogt8_4,C_ihgdogt8,10.8,2021-06-30,2021-10-05,sinistre_before_contract_start
[],3.07,2021-07-05 16:59:34.238256,0,0,2021-06-30,ACCIDENT,sub_JSTA6dBG7fvUQA-250268731585060,Sub_1458054,PHAR,C_ihgdogt8_5,C_ihgdogt8,3.84,2021-06-30,2021-10-05,sinistre_before_contract_start
[],15.36,2021-07-05 16:59:34.238256,0,0,2021-06-30,ACCIDENT,sub_JSTA6dBG7fvUQA-250268731585060,Sub_1458054,PHAR,C_ihgdogt8_6,C_ihgdogt8,19.2,2021-06-30,2021-10-05,sinistre_before_contract_start
[],0.0,2021-07-05 16:59:34.238256,0,0,2021-07-02,MALADIE,sub_JSTA6dBG7fvUQA-250268731585060,Sub_1458054,EXAM,C_ihgdogt8_7,C_ihgdogt8,45.7,2021-07-02,2021-10-05,sinistre_before_contract_start
['OTITE'],36.5,2021-11-03 17:34:50.681424,0,0,2021-11-02,MALADIE,sub_JT9Cam3yDpSDE2-250268743398962,Sub_1798702,EXAM,C_1rmxuruf_1,C_1rmxuruf,36.5,2021-08-12,2021-12-05,sinistre_before_contract_start
['OTITE'],10.0,2021-11-03 17:34:50.681424,0,0,2021-11-02,MALADIE,sub_JT9Cam3yDpSDE2-250268743398962,Sub_1798702,EXAM,C_1rmxuruf_2,C_1rmxuruf,10.0,2021-08-12,2021-12-05,sinistre_before_contract_start
['OTITE'],8.4,2021-11-03 17:34:50.681424,0,0,2021-11-02,MALADIE,sub_JT9Cam3yDpSDE2-250268743398962,Sub_1798702,EXAM,C_1rmxuruf_3,C_1rmxuruf,8.4,2021-08-12,2021-12-05,sinistre_before_contract_start
['OTITE'],26.7,2021-11-03 17:34:50.681424,0,0,2021-11-02,MALADIE,sub_JT9Cam3yDpSDE2-250268743398962,Sub_1798702,EXAM,C_1rmxuruf_4,C_1rmxuruf,26.7,2021-08-12,2021-12-05,sinistre_before_contract_start
['DIARRHEE'],43.0,2021-07-22 17:00:35.871888,0,0,2021-07-12,MALADIE,sub_JT9Cam3yDpSDE2-250268743398962,Sub_1798702,EXAM,C_2ilfm496_1,C_2ilfm496,43.0,2021-07-11,2021-12-05,sinistre_before_contract_start
['DIARRHEE'],11.5,2021-07-22 17:00:35.871888,0,0,2021-07-12,MALADIE,sub_JT9Cam3yDpSDE2-250268743398962,Sub_1798702,EXAM,C_2ilfm496_2,C_2ilfm496,11.5,2021-07-11,2021-12-05,sinistre_before_contract_start
['DIARRHEE'],25.2,2021-07-22 17:00:35.871888,0,0,2021-07-12,MALADIE,sub_JT9Cam3yDpSDE2-250268743398962,Sub_1798702,EXAM,C_2ilfm496_3,C_2ilfm496,25.2,2021-07-11,2021-12-05,sinistre_before_contract_start
['DIARRHEE'],20.0,2021-07-22 17:00:35.871888,0,0,2021-07-12,MALADIE,sub_JT9Cam3yDpSDE2-250268743398962,Sub_1798702,PHAR,C_2ilfm496_4,C_2ilfm496,20.0,2021-07-11,2021-12-05,sinistre_before_contract_start
['DIARRHEE'],14.2,2021-07-22 17:00:35.871888,0,0,2021-07-12,MALADIE,sub_JT9Cam3yDpSDE2-250268743398962,Sub_1798702,PHAR,C_2ilfm496_5,C_2ilfm496,14.2,2021-07-11,2021-12-05,sinistre_before_contract_start
['DIARRHEE'],20.9,2021-07-22 17:00:35.871888,0,0,2021-07-12,MALADIE,sub_JT9Cam3yDpSDE2-250268743398962,Sub_1798702,PHAR,C_2ilfm496_6,C_2ilfm496,20.9,2021-07-11,2021-12-05,sinistre_before_contract_start
[],36.5,2021-07-19 17:07:59.945127,0,0,2021-07-16,MALADIE,sub_JT9Cam3yDpSDE2-250268743398962,Sub_1798702,EXAM,C_994shah4_1,C_994shah4,36.5,2021-07-16,2021-12-05,sinistre_before_contract_start
[],10.7,2021-07-19 17:07:59.945127,0,0,2021-07-16,MALADIE,sub_JT9Cam3yDpSDE2-250268743398962,Sub_1798702,EXAM,C_994shah4_2,C_994shah4,10.7,2021-07-16,2021-12-05,sinistre_before_contract_start
[],11.4,2021-07-19 17:07:59.945127,0,0,2021-07-16,MALADIE,sub_JT9Cam3yDpSDE2-250268743398962,Sub_1798702,PHAR,C_994shah4_3,C_994shah4,11.4,2021-07-16,2021-12-05,sinistre_before_contract_start
[],10.8,2021-07-19 17:07:59.945127,0,0,2021-07-16,MALADIE,sub_JT9Cam3yDpSDE2-250268743398962,Sub_1798702,PHAR,C_994shah4_4,C_994shah4,10.8,2021-07-16,2021-12-05,sinistre_before_contract_start
[],10.7,2021-07-19 17:07:59.945127,0,0,2021-07-16,MALADIE,sub_JT9Cam3yDpSDE2-250268743398962,Sub_1798702,PHAR,C_994shah4_5,C_994shah4,10.7,2021-07-16,2021-12-05,sinistre_before_contract_start
[],36.5,2021-08-19 09:12:24.084321,0,0,2021-08-12,MALADIE,sub_JT9Cam3yDpSDE2-250268743398962,Sub_1798702,EXAM,C_k1z9umyl_1,C_k1z9umyl,36.5,2021-08-12,2021-12-05,sinistre_before_contract_start
['otite'],10.0,2021-08-19 09:12:24.084321,0,0,2021-08-12,MALADIE,sub_JT9Cam3yDpSDE2-250268743398962,Sub_1798702,EXAM,C_k1z9umyl_2,C_k1z9umyl,10.0,2021-08-12,2021-12-05,sinistre_before_contract_start
['otite'],8.4,2021-08-19 09:12:24.084321,0,0,2021-08-12,MALADIE,sub_JT9Cam3yDpSDE2-250268743398962,Sub_1798702,EXAM,C_k1z9umyl_3,C_k1z9umyl,8.4,2021-08-12,2021-12-05,sinistre_before_contract_start
['otite'],26.7,2021-08-19 09:12:24.084321,0,0,2021-08-12,MALADIE,sub_JT9Cam3yDpSDE2-250268743398962,Sub_1798702,PHAR,C_k1z9umyl_4,C_k1z9umyl,26.7,2021-08-12,2021-12-05,sinistre_before_contract_start
['PLAFOND ATTEINT DES 100 EUROS'],15.7,2021-08-31 13:43:25.444755,0,0,2021-08-27,PREVENTION,sub_JT9Cam3yDpSDE2-250268743398962,Sub_1798702,VACC,C_x4ncnbby_1,C_x4ncnbby,62.7,2021-08-27,2021-12-05,sinistre_before_contract_start
[],36.5,2021-07-01 17:53:20.718710,0,0,2021-06-28,PREVENTION,sub_JT9Cam3yDpSDE2-250268743398962,Sub_1798702,EXAMA,C_xkh0am7t_1,C_xkh0am7t,36.5,2021-06-28,2021-12-05,sinistre_before_contract_start
[],16.2,2021-07-01 17:53:20.718710,0,0,2021-06-28,PREVENTION,sub_JT9Cam3yDpSDE2-250268743398962,Sub_1798702,VERM,C_xkh0am7t_2,C_xkh0am7t,16.2,2021-06-28,2021-12-05,sinistre_before_contract_start
[],15.8,2021-07-01 17:53:20.718710,0,0,2021-06-28,PREVENTION,sub_JT9Cam3yDpSDE2-250268743398962,Sub_1798702,ANTP,C_xkh0am7t_3,C_xkh0am7t,15.8,2021-06-28,2021-12-05,sinistre_before_contract_start
['anti tiques'],15.8,2021-07-30 13:45:37.410429,0,0,2021-07-28,PREVENTION,sub_JT9Cam3yDpSDE2-250268743398962,Sub_1798702,ANTP,C_zhlk2mam_1,C_zhlk2mam,15.8,2021-07-28,2021-12-05,sinistre_before_contract_start
['vaccin'],28.94,2021-12-02 18:41:44.412554,0,0,2021-11-30,PREVENTION,sub_1Jv2jqF5i98BakySh0FSijF5-250269100204308,Sub_1320756-0,VACC,C_rrirnxh7_1,C_rrirnxh7,64.6,2021-11-30,2021-12-11,sinistre_before_contract_start
['visite vaccinale'],67.15,2021-11-29 16:26:14.086900,0,0,2021-11-09,PREVENTION,sub_1Jv2jqF5i98BakySh0FSijF5-250269100204308,Sub_1320756-0,EXAMA,C_xtf0aesf_2,C_xtf0aesf,67.15,2021-11-09,2021-12-11,sinistre_before_contract_start
[],3.9,2021-11-29 16:26:14.086900,0,0,2021-11-13,PREVENTION,sub_1Jv2jqF5i98BakySh0FSijF5-250269100204308,Sub_1320756-0,VERM,C_xtf0aesf_3,C_xtf0aesf,3.9,2021-11-13,2021-12-11,sinistre_before_contract_start
['visite vaccinale'],56.0,2021-11-26 17:34:11.996929,0,0,2021-11-18,PREVENTION,sub_1Jxa97F5i98BakySRuKFjSnD-250269608991807,Sub_DLM_1332399-0,VACC,C_opwfoyjs_2,C_opwfoyjs,56.0,2021-11-18,2021-11-19,sinistre_before_contract_start
[],750.0,2021-09-08 09:32:55.612820,0,0,2021-07-13,ACCIDENT,sub_JSQboCecJMykVb-642098100264850,Sub_1883805,EXAM,C_6s8uthlb_1,C_6s8uthlb,750.0,2021-07-04,2021-10-05,sinistre_before_contract_start
[],449.0,2021-09-08 09:32:55.612820,0,0,2021-07-13,ACCIDENT,sub_JSQboCecJMykVb-642098100264850,Sub_1883805,EXAM,C_6s8uthlb_2,C_6s8uthlb,449.0,2021-07-04,2021-10-05,sinistre_before_contract_start
[],4.0,2021-09-08 09:32:55.612820,0,0,2021-07-13,ACCIDENT,sub_JSQboCecJMykVb-642098100264850,Sub_1883805,EXAM,C_6s8uthlb_3,C_6s8uthlb,4.0,2021-07-04,2021-10-05,sinistre_before_contract_start
[],6.0,2021-09-08 09:32:55.612820,0,0,2021-07-13,ACCIDENT,sub_JSQboCecJMykVb-642098100264850,Sub_1883805,EXAM,C_6s8uthlb_4,C_6s8uthlb,6.0,2021-07-04,2021-10-05,sinistre_before_contract_start
[],15.8,2021-09-08 09:32:55.612820,0,0,2021-07-13,ACCIDENT,sub_JSQboCecJMykVb-642098100264850,Sub_1883805,PHAR,C_6s8uthlb_5,C_6s8uthlb,15.8,2021-07-04,2021-10-05,sinistre_before_contract_start
[],8.3,2021-07-12 17:22:42.245808,0,0,2021-07-07,PREVENTION,sub_JSQboCecJMykVb-642098100264850,Sub_1883805,VERM,C_9soehalm_1,C_9soehalm,8.3,2021-07-07,2021-10-05,sinistre_before_contract_start
[],42.7,2021-07-12 17:22:42.245808,0,0,2021-07-07,PREVENTION,sub_JSQboCecJMykVb-642098100264850,Sub_1883805,ANTP,C_9soehalm_2,C_9soehalm,42.7,2021-07-07,2021-10-05,sinistre_before_contract_start
[],38.0,2021-07-13 16:53:46.500691,0,0,2021-07-07,ACCIDENT,sub_JSQboCecJMykVb-642098100264850,Sub_1883805,EXAM,C_uj9h4on0_1,C_uj9h4on0,38.0,2021-07-05,2021-10-05,sinistre_before_contract_start
[],16.0,2021-07-13 16:53:46.500691,0,0,2021-07-07,ACCIDENT,sub_JSQboCecJMykVb-642098100264850,Sub_1883805,PHAR,C_uj9h4on0_2,C_uj9h4on0,16.0,2021-07-05,2021-10-05,sinistre_before_contract_start
[],26.4,2021-07-13 16:53:46.500691,0,0,2021-07-07,ACCIDENT,sub_JSQboCecJMykVb-642098100264850,Sub_1883805,PHAR,C_uj9h4on0_3,C_uj9h4on0,26.4,2021-07-05,2021-10-05,sinistre_before_contract_start
['Ovariectomie'],100.0,2021-09-10 15:56:13.335084,0,0,2021-09-09,PREVENTION,sub_K12fQf6L8Yk6Fl-250268743775087,Sub_1279519-0,STER,C_8e8srp0m_1,C_8e8srp0m,145.0,2021-09-09,2021-10-08,sinistre_before_contract_start
[],35.5,2021-12-14 13:49:18.521440,0,0,2021-12-10,MALADIE,sub_K1YQPnVxGY3WMN-250268502039362,Sub_1623074-0,PHAR,C_5yjm0t61_1,C_5yjm0t61,35.5,2021-12-06,2021-12-08,sinistre_before_contract_start
['Entérite'],65.0,2021-12-14 13:49:18.521440,0,0,2021-12-10,MALADIE,sub_K1YQPnVxGY3WMN-250268502039362,Sub_1623074-0,EXAM,C_5yjm0t61_2,C_5yjm0t61,65.0,2021-12-06,2021-12-08,sinistre_before_contract_start
[],51.8,2021-09-21 17:45:59.978197,0,0,2021-09-17,PREVENTION,sub_KCXkySYSMJm8PA-250269100108158,Sub_1211027-0,VACC,C_r91xwzxs_1,C_r91xwzxs,51.8,2021-09-17,2021-10-09,sinistre_before_contract_start
[],61.1,2021-08-31 14:22:09.222670,0,0,2021-08-28,PREVENTION,sub_K1S7QzEWEvJ95D-250269590498896,Sub_1846710-0,VACC,C_9wwjlyjx_1,C_9wwjlyjx,61.1,2021-08-28,2021-11-08,sinistre_before_contract_start
[],26.2,2021-08-31 14:22:09.222670,0,0,2021-08-28,PREVENTION,sub_K1S7QzEWEvJ95D-250269590498896,Sub_1846710-0,VACC,C_9wwjlyjx_2,C_9wwjlyjx,26.2,2021-08-28,2021-11-08,sinistre_before_contract_start
['100 â‚¬ atteint visite vaccinale'],12.7,2021-08-31 14:22:09.222670,0,0,2021-08-28,PREVENTION,sub_K1S7QzEWEvJ95D-250269590498896,Sub_1846710-0,ANTP,C_9wwjlyjx_3,C_9wwjlyjx,15.4,2021-08-28,2021-11-08,sinistre_before_contract_start
['CASTRATION'],85.0,2021-11-22 22:22:42.334654,0,0,2021-11-15,PREVENTION,sub_1JuzjBF5i98BakySJ0YLrtOk-250269590241664,Sub_1599311-0,STER,C_ike8kstm_1,C_ike8kstm,85.0,2021-11-15,2021-12-11,sinistre_before_contract_start
['rhinite aigue'],35.2,2021-12-08 17:42:52.023081,0,0,2021-12-06,MALADIE,sub_JeqKpg1yJH2My6-250269608670576,Sub_1445831-0,EXAM,C_ixosw1fm_1,C_ixosw1fm,44.0,2021-12-02,2021-12-06,sinistre_before_contract_start
[],15.2,2021-12-08 17:42:52.023081,0,0,2021-12-06,MALADIE,sub_JeqKpg1yJH2My6-250269608670576,Sub_1445831-0,PHAR,C_ixosw1fm_2,C_ixosw1fm,19.0,2021-12-02,2021-12-06,sinistre_before_contract_start
['100 â‚¬ atteint / ovariectomie'],100.0,2021-11-24 11:09:09.781051,0,0,2021-11-10,PREVENTION,sub_1JwU5iF5i98BakySv7R0aDZk-250269610072706,Sub_DLM_1626437-0,STER,C_osxrxvfq_1,C_osxrxvfq,155.0,2021-11-10,2021-11-17,sinistre_before_contract_start
[],15.9,2021-08-20 14:56:11.352794,0,0,2021-08-18,PREVENTION,sub_K0sM63TVri7Wng-250269606894170,Sub_1196527-0,ANTP,C_7rp19qtd_1,C_7rp19qtd,15.9,2021-08-18,2021-10-08,sinistre_before_contract_start
[],12.3,2021-08-20 14:56:11.352794,0,0,2021-08-18,PREVENTION,sub_K0sM63TVri7Wng-250269606894170,Sub_1196527-0,VERM,C_7rp19qtd_2,C_7rp19qtd,12.3,2021-08-18,2021-10-08,sinistre_before_contract_start
['vermifuge'],9.36,2021-10-14 14:09:24.771072,0,0,2021-09-27,PREVENTION,sub_K0sM63TVri7Wng-250269606894170,Sub_1196527-0,VERM,C_tggajhuq_1,C_tggajhuq,9.36,2021-09-27,2021-10-08,sinistre_before_contract_start
['vermifuge'],3.48,2021-10-14 14:09:24.771072,0,0,2021-09-27,PREVENTION,sub_K0sM63TVri7Wng-250269606894170,Sub_1196527-0,VERM,C_tggajhuq_2,C_tggajhuq,3.48,2021-09-27,2021-10-08,sinistre_before_contract_start
[],36.0,2021-06-04 10:31:10.588996,0,0,2021-05-15,ACCIDENT,sub_JSCBlNJS9i8U6t-250268501920857,Sub_1432853,EXAM,C_g5j65598_1,C_g5j65598,45.0,2021-05-15,2021-09-05,sinistre_before_contract_start
[],32.0,2021-06-04 10:31:10.588996,0,0,2021-05-15,ACCIDENT,sub_JSCBlNJS9i8U6t-250268501920857,Sub_1432853,EXAM,C_g5j65598_2,C_g5j65598,40.0,2021-05-15,2021-09-05,sinistre_before_contract_start
[],6.24,2021-06-04 10:31:10.588996,0,0,2021-05-15,ACCIDENT,sub_JSCBlNJS9i8U6t-250268501920857,Sub_1432853,PHAR,C_g5j65598_3,C_g5j65598,7.8,2021-05-15,2021-09-05,sinistre_before_contract_start
[],16.0,2021-06-04 10:31:10.588996,0,0,2021-05-15,ACCIDENT,sub_JSCBlNJS9i8U6t-250268501920857,Sub_1432853,EXAM,C_g5j65598_4,C_g5j65598,20.0,2021-05-15,2021-09-05,sinistre_before_contract_start
[],16.08,2021-06-04 10:31:10.588996,0,0,2021-05-15,ACCIDENT,sub_JSCBlNJS9i8U6t-250268501920857,Sub_1432853,PHAR,C_g5j65598_5,C_g5j65598,20.1,2021-05-15,2021-09-05,sinistre_before_contract_start
[],4.72,2021-06-04 10:31:10.588996,0,0,2021-05-15,ACCIDENT,sub_JSCBlNJS9i8U6t-250268501920857,Sub_1432853,PHAR,C_g5j65598_6,C_g5j65598,5.9,2021-05-15,2021-09-05,sinistre_before_contract_start
[],36.0,2021-06-03 09:26:48.469888,0,0,2021-05-28,ACCIDENT,sub_JSCBlNJS9i8U6t-250268501920857,Sub_1432853,EXAM,C_yggmgemw_1,C_yggmgemw,45.0,2021-05-28,2021-09-05,sinistre_before_contract_start
[],11.2,2021-06-03 09:26:48.469888,0,0,2021-05-28,ACCIDENT,sub_JSCBlNJS9i8U6t-250268501920857,Sub_1432853,EXAM,C_yggmgemw_2,C_yggmgemw,14.0,2021-05-28,2021-09-05,sinistre_before_contract_start
['boiterie antérieur'],36.0,2021-11-30 14:01:08.507047,0,0,2021-11-25,ACCIDENT,sub_JetngfaXvGHSyg-250268501983703,Sub_1785088-0,EXAM,C_5d7tptct_1,C_5d7tptct,36.0,2021-11-24,2021-12-06,sinistre_before_contract_start
[],70.0,2021-11-30 14:01:08.507047,0,0,2021-11-25,ACCIDENT,sub_JetngfaXvGHSyg-250268501983703,Sub_1785088-0,EXAM,C_5d7tptct_2,C_5d7tptct,70.0,2021-11-24,2021-12-06,sinistre_before_contract_start
[],50.0,2021-11-30 14:01:08.507047,0,0,2021-11-25,ACCIDENT,sub_JetngfaXvGHSyg-250268501983703,Sub_1785088-0,EXAM,C_5d7tptct_3,C_5d7tptct,50.0,2021-11-24,2021-12-06,sinistre_before_contract_start
[],120.0,2021-11-30 14:01:08.507047,0,0,2021-11-25,ACCIDENT,sub_JetngfaXvGHSyg-250268501983703,Sub_1785088-0,EXAM,C_5d7tptct_4,C_5d7tptct,120.0,2021-11-24,2021-12-06,sinistre_before_contract_start
['castration'],100.0,2021-12-06 15:54:51.007117,0,0,2021-11-23,PREVENTION,sub_1JuyOLF5i98BakySXAV1CUeQ-250269699503321,Sub_DLM_1102894-0,STER,C_4yt976pd_1,C_4yt976pd,207.7,2021-11-23,2021-12-11,sinistre_before_contract_start
[],3.4,2021-07-08 07:34:27.688413,0,0,2021-07-02,PREVENTION,sub_JdOsf5GFxj0rPe-250268501689276,Sub_1280328-0,PHAR,C_gqevauj1_2,C_gqevauj1,3.4,2021-07-02,2021-08-06,sinistre_before_contract_start
[],10.1,2021-07-08 07:34:27.688413,0,0,2021-07-02,PREVENTION,sub_JdOsf5GFxj0rPe-250268501689276,Sub_1280328-0,ANTP,C_gqevauj1_3,C_gqevauj1,10.1,2021-07-02,2021-08-06,sinistre_before_contract_start
[],96.0,2021-06-24 16:46:26.774513,0,0,2021-06-16,ACCIDENT,sub_JS16zMkW54Gna5-250 26 96 08 52 31 88,Sub_1492625,EXAM,C_91nv8nef_1,C_91nv8nef,120.0,2021-06-16,2021-09-05,sinistre_before_contract_start
[],15.2,2021-06-24 16:46:26.774513,0,0,2021-06-16,ACCIDENT,sub_JS16zMkW54Gna5-250 26 96 08 52 31 88,Sub_1492625,PHAR,C_91nv8nef_2,C_91nv8nef,19.0,2021-06-16,2021-09-05,sinistre_before_contract_start
['maladie ou accident ?'],9.6,2021-06-24 16:46:26.774513,0,0,2021-06-16,ACCIDENT,sub_JS16zMkW54Gna5-250 26 96 08 52 31 88,Sub_1492625,PHAR,C_91nv8nef_3,C_91nv8nef,12.0,2021-06-16,2021-09-05,sinistre_before_contract_start
[],0.0,2021-06-24 16:46:26.774513,0,0,2021-06-16,PREVENTION,sub_JS16zMkW54Gna5-250 26 96 08 52 31 88,Sub_1492625,CALIM,C_91nv8nef_4,C_91nv8nef,36.8,2021-06-16,2021-09-05,sinistre_before_contract_start
[],30.4,2021-07-02 16:43:15.303229,0,0,2021-06-28,ACCIDENT,sub_JS16zMkW54Gna5-250 26 96 08 52 31 88,Sub_1492625,EXAM,C_cjekhqnq_1,C_cjekhqnq,38.0,2021-06-28,2021-09-05,sinistre_before_contract_start
[],80.64,2021-07-02 16:43:15.303229,0,0,2021-06-28,ACCIDENT,sub_JS16zMkW54Gna5-250 26 96 08 52 31 88,Sub_1492625,EXAM,C_cjekhqnq_2,C_cjekhqnq,100.8,2021-06-28,2021-09-05,sinistre_before_contract_start
[],15.2,2021-07-02 16:43:15.303229,0,0,2021-06-28,ACCIDENT,sub_JS16zMkW54Gna5-250 26 96 08 52 31 88,Sub_1492625,EXAM,C_cjekhqnq_3,C_cjekhqnq,19.0,2021-06-28,2021-09-05,sinistre_before_contract_start
[],39.52,2021-07-02 16:43:15.303229,0,0,2021-06-28,ACCIDENT,sub_JS16zMkW54Gna5-250 26 96 08 52 31 88,Sub_1492625,PHAR,C_cjekhqnq_4,C_cjekhqnq,49.4,2021-06-28,2021-09-05,sinistre_before_contract_start
[],37.92,2021-07-02 16:43:15.303229,0,0,2021-06-28,ACCIDENT,sub_JS16zMkW54Gna5-250 26 96 08 52 31 88,Sub_1492625,PHAR,C_cjekhqnq_5,C_cjekhqnq,47.4,2021-06-28,2021-09-05,sinistre_before_contract_start
['consultation vaccin'],100.0,2021-05-27 16:20:55.318126,0,0,2021-05-20,PREVENTION,sub_JS16zMkW54Gna5-250 26 96 08 52 31 88,Sub_1492625,VACC,C_i0unlx5d_1,C_i0unlx5d,125.7,2021-05-20,2021-09-05,sinistre_before_contract_start
['plafond prÃ©vention 100â‚¬ atteint'],100.0,2021-12-13 15:12:13.133777,0,0,2021-12-07,PREVENTION,sub_1K0q8gF5i98BakySRuqsJApI-250269608882307,Sub_DLM_1434021-0,STER,C_zc1wqw07_4,C_zc1wqw07,294.4,2021-11-17,2021-11-28,sinistre_before_contract_start
[],100.0,2021-07-19 17:12:28.224191,0,0,2021-07-19,PREVENTION,sub_Jq6mlnr70LyNJw-250269608865668,Sub_1648882-0,STER,C_mjw0ey6k_1,C_mjw0ey6k,200.0,2021-07-19,2021-12-07,sinistre_before_contract_start
['100 â‚¬ atteint'],0.0,2021-07-19 17:12:28.224191,0,0,2021-07-19,PREVENTION,sub_Jq6mlnr70LyNJw-250269608865668,Sub_1648882-0,VERM,C_mjw0ey6k_2,C_mjw0ey6k,4.0,2021-07-19,2021-12-07,sinistre_before_contract_start
['100 â‚¬ atteint'],0.0,2021-07-19 17:12:28.224191,0,0,2021-07-19,PREVENTION,sub_Jq6mlnr70LyNJw-250269608865668,Sub_1648882-0,ANTP,C_mjw0ey6k_3,C_mjw0ey6k,11.0,2021-07-19,2021-12-07,sinistre_before_contract_start
['VACCIN'],57.6,2021-11-17 16:35:59.428118,0,0,2021-11-16,PREVENTION,sub_1Jv14lF5i98BakySXdBX3A4w-250269590481997,Sub_1378228-0,VACC,C_c862o6dw_1,C_c862o6dw,57.6,2021-11-16,2021-12-11,sinistre_before_contract_start
['castration'],33.75,2021-12-06 12:49:07.131362,0,0,2021-11-30,PREVENTION,sub_1JjpQ7F5i98BakySpJJSpA4t-900215001274727,Sub_1427856-0,EXAMA,C_l6ggfzam_1,C_l6ggfzam,33.75,2021-11-30,2021-12-10,sinistre_before_contract_start
['100 â‚¬atteint'],66.25,2021-12-06 12:49:07.131362,0,0,2021-11-30,PREVENTION,sub_1JjpQ7F5i98BakySpJJSpA4t-900215001274727,Sub_1427856-0,EXAMA,C_l6ggfzam_2,C_l6ggfzam,77.2,2021-11-30,2021-12-10,sinistre_before_contract_start
['dysorexie'],32.08,2021-12-07 13:55:19.316633,0,0,2021-12-03,MALADIE,sub_1JjpQ7F5i98BakySpJJSpA4t-900215001274727,Sub_1427856-0,EXAM,C_qd2my4rn_1,C_qd2my4rn,40.1,2021-12-03,2021-12-10,sinistre_before_contract_start
[],10.64,2021-12-07 13:55:19.316633,0,0,2021-12-06,MALADIE,sub_1JjpQ7F5i98BakySpJJSpA4t-900215001274727,Sub_1427856-0,EXAM,C_qd2my4rn_2,C_qd2my4rn,13.3,2021-12-03,2021-12-10,sinistre_before_contract_start
[],6.32,2021-10-15 14:41:16.990244,0,0,2021-10-14,PREVENTION,sub_1JjjheF5i98BakySrSg5xe5E-900133000430045,Sub_1543194-0,VERM,C_kh5q6z9d_1,C_kh5q6z9d,6.32,2021-10-14,2021-12-10,sinistre_before_contract_start
[],16.0,2021-07-23 17:22:58.566742,0,0,2021-07-19,ACCIDENT,sub_JdOQ7JPNdMVwpE-250268502064871,Sub_1393617-0,EXAM,C_38oamvma_1,C_38oamvma,16.0,2021-06-23,2021-08-06,sinistre_before_contract_start
[],17.0,2021-07-23 17:22:58.566742,0,0,2021-07-19,ACCIDENT,sub_JdOQ7JPNdMVwpE-250268502064871,Sub_1393617-0,PHAR,C_38oamvma_2,C_38oamvma,17.0,2021-06-23,2021-08-06,sinistre_before_contract_start
[],45.0,2021-06-25 16:26:30.140123,0,0,2021-06-24,ACCIDENT,sub_JdOQ7JPNdMVwpE-250268502064871,Sub_1393617-0,EXAM,C_9iwvxx47_1,C_9iwvxx47,45.0,2021-06-24,2021-08-06,sinistre_before_contract_start
[],25.5,2021-06-25 16:26:30.140123,0,0,2021-06-24,ACCIDENT,sub_JdOQ7JPNdMVwpE-250268502064871,Sub_1393617-0,PHAR,C_9iwvxx47_2,C_9iwvxx47,25.5,2021-06-24,2021-08-06,sinistre_before_contract_start
[],20.9,2021-06-25 16:26:30.140123,0,0,2021-06-24,ACCIDENT,sub_JdOQ7JPNdMVwpE-250268502064871,Sub_1393617-0,PHAR,C_9iwvxx47_3,C_9iwvxx47,20.9,2021-06-24,2021-08-06,sinistre_before_contract_start
[],69.0,2021-06-24 16:49:35.665258,0,0,2021-06-22,PREVENTION,sub_JdOQ7JPNdMVwpE-250268502064871,Sub_1393617-0,VACC,C_bzg8ej1r_1,C_bzg8ej1r,69.0,2021-06-22,2021-08-06,sinistre_before_contract_start
[],25.2,2021-06-24 16:49:35.665258,0,0,2021-06-22,PREVENTION,sub_JdOQ7JPNdMVwpE-250268502064871,Sub_1393617-0,VERM,C_bzg8ej1r_2,C_bzg8ej1r,25.2,2021-06-22,2021-08-06,sinistre_before_contract_start
[],5.8,2021-06-24 16:49:35.665258,0,0,2021-06-22,PREVENTION,sub_JdOQ7JPNdMVwpE-250268502064871,Sub_1393617-0,PHAR,C_bzg8ej1r_3,C_bzg8ej1r,15.5,2021-06-22,2021-08-06,sinistre_before_contract_start
[],133.0,2021-06-29 16:48:38.965705,0,0,2021-06-23,ACCIDENT,sub_JdOQ7JPNdMVwpE-250268502064871,Sub_1393617-0,EXAM,C_dvhakgvh_2,C_dvhakgvh,133.0,2021-06-23,2021-08-06,sinistre_before_contract_start
[],46.0,2021-06-29 16:48:38.965705,0,0,2021-06-23,ACCIDENT,sub_JdOQ7JPNdMVwpE-250268502064871,Sub_1393617-0,EXAM,C_dvhakgvh_3,C_dvhakgvh,46.0,2021-06-23,2021-08-06,sinistre_before_contract_start
[],33.0,2021-06-29 16:48:38.965705,0,0,2021-06-23,ACCIDENT,sub_JdOQ7JPNdMVwpE-250268502064871,Sub_1393617-0,PHAR,C_dvhakgvh_4,C_dvhakgvh,33.0,2021-06-23,2021-08-06,sinistre_before_contract_start
[],31.0,2021-06-29 16:48:38.965705,0,0,2021-06-23,ACCIDENT,sub_JdOQ7JPNdMVwpE-250268502064871,Sub_1393617-0,PHAR,C_dvhakgvh_5,C_dvhakgvh,31.0,2021-06-23,2021-08-06,sinistre_before_contract_start
[],89.0,2021-06-29 16:48:38.965705,0,0,2021-06-23,ACCIDENT,sub_JdOQ7JPNdMVwpE-250268502064871,Sub_1393617-0,PHAR,C_dvhakgvh_6,C_dvhakgvh,89.0,2021-06-23,2021-08-06,sinistre_before_contract_start
['Vérification auprès du vétérinaire car bcp de factures (suite accident)'],98.5,2021-09-03 13:58:34.561448,0,0,2021-07-15,ACCIDENT,sub_JdOQ7JPNdMVwpE-250268502064871,Sub_1393617-0,EXAM,C_uba09smb_1,C_uba09smb,98.5,2021-06-23,2021-08-06,sinistre_before_contract_start
['castration'],100.0,2021-11-17 16:42:58.001212,0,0,2021-11-16,PREVENTION,sub_1Jv6SGF5i98BakySTbpm1qAN-250269610164079,Sub_1571477-0,STER,C_bew11oy7_1,C_bew11oy7,160.0,2021-11-16,2021-12-11,sinistre_before_contract_start
['visite vaccinale'],43.0,2021-11-26 13:20:59.569954,0,0,2021-11-17,PREVENTION,sub_1Jv6yuF5i98BakySSYhG2Rfe-250268743987058,Sub_1886677-0,VACC,C_h6kgg925_1,C_h6kgg925,43.0,2021-11-17,2021-12-11,sinistre_before_contract_start
[],15.4,2021-11-26 13:20:59.569954,0,0,2021-11-17,PREVENTION,sub_1Jv6yuF5i98BakySSYhG2Rfe-250268743987058,Sub_1886677-0,ANTP,C_h6kgg925_2,C_h6kgg925,15.4,2021-11-17,2021-12-11,sinistre_before_contract_start
['100 â‚¬ atteint'],100.0,2021-09-01 13:09:35.216381,0,0,2021-08-03,PREVENTION,sub_K38ni9HUbJ4dwp-250268501925428,Sub_1803910-0,STER,C_ecnw6cb2_1,C_ecnw6cb2,150.0,2021-08-03,2021-08-16,sinistre_before_contract_start
[],40.0,2021-09-01 13:36:18.196753,0,0,2021-08-25,ACCIDENT,sub_Jq166SLYoVOLtn-250269608789369,Sub_1864468-0,EXAM,C_mqjvomp4_1,C_mqjvomp4,50.0,2021-08-24,2021-12-07,sinistre_before_contract_start
[],16.0,2021-09-01 13:36:18.196753,0,0,2021-08-25,ACCIDENT,sub_Jq166SLYoVOLtn-250269608789369,Sub_1864468-0,EXAM,C_mqjvomp4_2,C_mqjvomp4,20.0,2021-08-24,2021-12-07,sinistre_before_contract_start
[],26.56,2021-09-01 13:36:18.196753,0,0,2021-08-25,ACCIDENT,sub_Jq166SLYoVOLtn-250269608789369,Sub_1864468-0,PHAR,C_mqjvomp4_3,C_mqjvomp4,33.2,2021-08-24,2021-12-07,sinistre_before_contract_start
[],10.32,2021-09-01 13:36:18.196753,0,0,2021-08-25,ACCIDENT,sub_Jq166SLYoVOLtn-250269608789369,Sub_1864468-0,PHAR,C_mqjvomp4_4,C_mqjvomp4,12.9,2021-08-24,2021-12-07,sinistre_before_contract_start
[],14.0,2021-09-01 13:36:18.196753,0,0,2021-08-25,ACCIDENT,sub_Jq166SLYoVOLtn-250269608789369,Sub_1864468-0,PHAR,C_mqjvomp4_5,C_mqjvomp4,17.5,2021-08-24,2021-12-07,sinistre_before_contract_start
[],6.56,2021-09-01 13:36:18.196753,0,0,2021-08-25,ACCIDENT,sub_Jq166SLYoVOLtn-250269608789369,Sub_1864468-0,PHAR,C_mqjvomp4_6,C_mqjvomp4,8.2,2021-08-24,2021-12-07,sinistre_before_contract_start
['castration'],94.99,2021-11-15 14:40:13.502491,0,0,2021-11-05,PREVENTION,sub_1JjQFXF5i98BakySh1QJVGo3-250269300179697,Sub_1524292-0,EXAMA,C_e0vse8ar_1,C_e0vse8ar,94.99,2021-11-05,2021-11-10,sinistre_before_contract_start
[],3.0,2021-12-14 14:58:19.110021,0,0,2021-12-06,PREVENTION,sub_1Jv3ByF5i98BakySl11Tm6dS-250269610057973,Sub_1272819-0,VERM,C_zic3uvl9_1,C_zic3uvl9,3.0,2021-12-06,2021-12-11,sinistre_before_contract_start
[],77.0,2021-12-14 14:58:19.110021,0,0,2021-12-06,PREVENTION,sub_1Jv3ByF5i98BakySl11Tm6dS-250269610057973,Sub_1272819-0,VACC,C_zic3uvl9_2,C_zic3uvl9,77.0,2021-12-06,2021-12-11,sinistre_before_contract_start
[],43.0,2021-08-24 15:10:18.968083,0,0,2021-08-11,PREVENTION,sub_K1057Tp4lpgjaY-250269610015487,Sub_1349907-0,EXAMA,C_7z1msz54_2,C_7z1msz54,43.0,2021-08-11,2021-10-08,sinistre_before_contract_start
[],3.7,2021-08-24 15:10:18.968083,0,0,2021-08-11,PREVENTION,sub_K1057Tp4lpgjaY-250269610015487,Sub_1349907-0,VERM,C_7z1msz54_4,C_7z1msz54,3.7,2021-08-11,2021-10-08,sinistre_before_contract_start
[],70.0,2021-07-12 17:17:02.759987,0,0,2021-07-10,PREVENTION,sub_JohMplgO0h2PmC-250268502094175,Sub_1477669-0,VACC,C_701n87cs_1,C_701n87cs,70.0,2021-07-10,2021-08-07,sinistre_before_contract_start
[],26.4,2021-07-12 17:17:02.759987,0,0,2021-07-10,PREVENTION,sub_JohMplgO0h2PmC-250268502094175,Sub_1477669-0,ANTP,C_701n87cs_2,C_701n87cs,26.4,2021-07-10,2021-08-07,sinistre_before_contract_start
[],79.0,2021-06-14 15:52:29.977213,0,0,2021-06-12,PREVENTION,sub_Jd0fyG17zUxvpc-250269590326851,Sub_1573134-0,VACC,C_cya0vm4s_1,C_cya0vm4s,79.0,2021-06-12,2021-07-06,sinistre_before_contract_start
[],7.5,2021-06-14 15:52:29.977213,0,0,2021-06-12,PREVENTION,sub_Jd0fyG17zUxvpc-250269590326851,Sub_1573134-0,VACC,C_cya0vm4s_2,C_cya0vm4s,7.5,2021-06-12,2021-07-06,sinistre_before_contract_start
[],10.7,2021-06-14 15:52:29.977213,0,0,2021-06-12,PREVENTION,sub_Jd0fyG17zUxvpc-250269590326851,Sub_1573134-0,ANTP,C_cya0vm4s_3,C_cya0vm4s,10.7,2021-06-12,2021-07-06,sinistre_before_contract_start
[],1.7,2021-06-14 15:52:29.977213,0,0,2021-06-12,PREVENTION,sub_Jd0fyG17zUxvpc-250269590326851,Sub_1573134-0,CALIM,C_cya0vm4s_4,C_cya0vm4s,1.7,2021-06-12,2021-07-06,sinistre_before_contract_start
['Complément alimentaire'],11.53,2021-09-23 17:26:36.617015,0,0,2021-09-20,PREVENTION,sub_KCVthuRUuRIqUa-250269606804366,Sub_1919338-0,CALIM,C_6628cpwa_1,C_6628cpwa,11.53,2021-09-20,2021-10-09,sinistre_before_contract_start
['symptômes respiratoires'],28.4,2021-09-28 16:11:13.814826,0,0,2021-09-14,MALADIE,sub_KCSOkM9wWoOAMq-250269590554768,Sub_1424207-0,EXAM,C_D_172380OXT_2,C_D_172380OXT,35.5,2021-09-14,2021-10-09,sinistre_before_contract_start
['symptômes respiratoires'],6.32,2021-09-28 16:11:13.814826,0,0,2021-09-14,MALADIE,sub_KCSOkM9wWoOAMq-250269590554768,Sub_1424207-0,EXAM,C_D_172380OXT_3,C_D_172380OXT,7.9,2021-09-14,2021-10-09,sinistre_before_contract_start
['symptômes respiratoires'],0.08,2021-09-28 16:11:13.814826,0,0,2021-09-14,MALADIE,sub_KCSOkM9wWoOAMq-250269590554768,Sub_1424207-0,PHAR,C_D_172380OXT_4,C_D_172380OXT,0.1,2021-09-14,2021-10-09,sinistre_before_contract_start
['symptômes respiratoires'],17.28,2021-09-28 16:11:13.814826,0,0,2021-09-14,MALADIE,sub_KCSOkM9wWoOAMq-250269590554768,Sub_1424207-0,EXAM,C_D_172380OXT_5,C_D_172380OXT,21.6,2021-09-14,2021-10-09,sinistre_before_contract_start
[],59.0,2021-09-27 16:28:58.802453,0,0,2021-09-25,PREVENTION,sub_KCSOkM9wWoOAMq-250269590554768,Sub_1424207-0,VACC,C_eao6mu7t_1,C_eao6mu7t,59.0,2021-09-25,2021-10-09,sinistre_before_contract_start
[],15.4,2021-09-27 16:28:58.802453,0,0,2021-09-25,PREVENTION,sub_KCSOkM9wWoOAMq-250269590554768,Sub_1424207-0,EXAMA,C_eao6mu7t_2,C_eao6mu7t,15.4,2021-09-25,2021-10-09,sinistre_before_contract_start
[],15.5,2021-09-27 16:28:58.802453,0,0,2021-09-25,PREVENTION,sub_KCSOkM9wWoOAMq-250269590554768,Sub_1424207-0,HYG,C_eao6mu7t_3,C_eao6mu7t,15.5,2021-09-25,2021-10-09,sinistre_before_contract_start
[],40.0,2021-12-01 12:52:53.404091,0,0,2021-11-24,PREVENTION,sub_1Jv3WwF5i98BakySpuPHC1G6-250268501319110,Sub_1937125-0,EXAMA,C_flschca4_1,C_flschca4,40.0,2021-11-24,2021-12-11,sinistre_before_contract_start
[],8.3,2021-12-01 12:52:53.404091,0,0,2021-11-24,PREVENTION,sub_1Jv3WwF5i98BakySpuPHC1G6-250268501319110,Sub_1937125-0,VERM,C_flschca4_2,C_flschca4,8.3,2021-11-24,2021-12-11,sinistre_before_contract_start
['vaccin'],41.8,2021-12-03 18:28:15.117340,0,0,2021-12-02,PREVENTION,sub_KDMupxh9OZIzkd-250269100074036,Sub_1495101-0,VACC,C_a02vx0uf_1,C_a02vx0uf,118.6,2021-12-02,2021-12-09,sinistre_before_contract_start
['Antiparasitaire'],58.2,2021-09-24 14:02:23.107249,0,0,2021-09-23,PREVENTION,sub_KDMupxh9OZIzkd-250269100074036,Sub_1495101-0,ANTP,C_hxclxzvo_1,C_hxclxzvo,58.2,2021-09-23,2021-12-09,sinistre_before_contract_start
['Contusions suite mauvaise réception'],30.4,2021-10-07 13:58:56.595496,0,0,2021-10-06,ACCIDENT,sub_K1RAXt6oVbbQC3-250268732522341,Sub_1170148-0,EXAM,C_5atao07u_1,C_5atao07u,38.0,2021-10-06,2021-11-08,sinistre_before_contract_start
['Contusions suite mauvaise réception'],14.4,2021-10-07 13:58:56.595496,0,0,2021-10-06,ACCIDENT,sub_K1RAXt6oVbbQC3-250268732522341,Sub_1170148-0,PHAR,C_5atao07u_2,C_5atao07u,18.0,2021-10-06,2021-11-08,sinistre_before_contract_start
[],9.0,2021-08-31 13:25:51.809630,0,0,2021-08-25,PREVENTION,sub_K1RAXt6oVbbQC3-250268732522341,Sub_1170148-0,VERM,C_a2840elx_1,C_a2840elx,9.0,2021-08-25,2021-11-08,sinistre_before_contract_start
['antiparasitaire'],82.2,2021-11-08 17:40:41.338881,0,0,2021-11-04,PREVENTION,sub_1JjMLMF5i98BakySWZifistt-250268712542441,Sub_1016592-0,ANTP,C_k26ry3zj_3,C_k26ry3zj,82.2,2021-11-04,2021-11-10,sinistre_before_contract_start
['visite vaccinale'],65.0,2021-12-07 13:47:23.419297,0,0,2021-12-06,PREVENTION,sub_KDN8sTu0E7V9HC-250268723149258,Sub_1767354-0,EXAMA,C_b1k9969w_1,C_b1k9969w,65.0,2021-12-06,2021-12-09,sinistre_before_contract_start
['100 â‚¬ atteint'],35.0,2021-12-07 13:47:23.419297,0,0,2021-12-06,PREVENTION,sub_KDN8sTu0E7V9HC-250268723149258,Sub_1767354-0,EXAMA,C_b1k9969w_2,C_b1k9969w,78.0,2021-12-06,2021-12-09,sinistre_before_contract_start
['visite vaccinale'],58.0,2021-10-20 17:24:32.594129,0,0,2021-10-20,PREVENTION,sub_1Jjm3BF5i98BakySM7TxPM0D-250269590549636,Sub_1554463-0,EXAMA,C_21z1d3gk_1,C_21z1d3gk,58.0,2021-10-20,2021-12-10,sinistre_before_contract_start
['visite vaccinale'],29.2,2021-10-20 17:24:32.594129,0,0,2021-10-20,PREVENTION,sub_1Jjm3BF5i98BakySM7TxPM0D-250269590549636,Sub_1554463-0,ANTP,C_21z1d3gk_2,C_21z1d3gk,29.2,2021-10-20,2021-12-10,sinistre_before_contract_start
['visite vaccinale'],76.0,2021-08-26 11:41:57.600251,0,0,2021-08-25,PREVENTION,sub_K1ovqWH4afJ5t0-250268501680445,Sub_1504114-0,EXAMA,C_g0x548wt_1,C_g0x548wt,76.0,2021-08-25,2021-12-08,sinistre_before_contract_start
[],96.2,2021-08-23 17:08:39.042527,0,0,2021-08-20,PREVENTION,sub_K0zMTwlbe7VOhA-250268743646429,Sub_1585847-0,STER,C_bhptn8e1_1,C_bhptn8e1,96.2,2021-08-20,2021-10-08,sinistre_before_contract_start
['100 â‚¬ atteint'],3.8,2021-08-23 17:08:39.042527,0,0,2021-08-20,PREVENTION,sub_K0zMTwlbe7VOhA-250268743646429,Sub_1585847-0,PHAR,C_bhptn8e1_2,C_bhptn8e1,11.8,2021-08-20,2021-10-08,sinistre_before_contract_start
[],48.5,2021-07-30 11:27:11.174795,0,0,2021-07-26,ACCIDENT,sub_JeTARMMGwbdmkH-990000003542440,Sub_1984365-0,EXAM,C_vn3qq09t_1,C_vn3qq09t,48.5,2021-07-26,2021-11-06,sinistre_before_contract_start
[],11.0,2021-07-30 11:27:11.174795,0,0,2021-07-26,ACCIDENT,sub_JeTARMMGwbdmkH-990000003542440,Sub_1984365-0,EXAM,C_vn3qq09t_2,C_vn3qq09t,11.0,2021-07-26,2021-11-06,sinistre_before_contract_start
[],7.6,2021-07-30 11:27:11.174795,0,0,2021-07-26,ACCIDENT,sub_JeTARMMGwbdmkH-990000003542440,Sub_1984365-0,PHAR,C_vn3qq09t_3,C_vn3qq09t,7.6,2021-07-26,2021-11-06,sinistre_before_contract_start
[],26.0,2021-07-30 11:27:11.174795,0,0,2021-07-26,PREVENTION,sub_JeTARMMGwbdmkH-990000003542440,Sub_1984365-0,CALIM,C_vn3qq09t_4,C_vn3qq09t,26.0,2021-07-26,2021-11-06,sinistre_before_contract_start
[],26.4,2021-07-30 11:27:11.174795,0,0,2021-07-26,PREVENTION,sub_JeTARMMGwbdmkH-990000003542440,Sub_1984365-0,CALIM,C_vn3qq09t_5,C_vn3qq09t,26.4,2021-07-26,2021-11-06,sinistre_before_contract_start
['Complément alimentaire ration alimentaire'],25.0,2021-07-30 11:27:11.174795,0,0,2021-07-26,PREVENTION,sub_JeTARMMGwbdmkH-990000003542440,Sub_1984365-0,CALIM,C_vn3qq09t_6,C_vn3qq09t,25.0,2021-07-26,2021-11-06,sinistre_before_contract_start
['otite bilaterale'],28.4,2021-08-02 13:35:15.011529,0,0,2021-07-31,MALADIE,sub_JdhAjg8asX8H8K-250269590261716,Sub_1682052-0,EXAM,C_1xuxm9cx_1,C_1xuxm9cx,35.5,2021-07-29,2021-09-06,sinistre_before_contract_start
['otite bilaterale'],9.44,2021-08-02 13:35:15.011529,0,0,2021-07-31,MALADIE,sub_JdhAjg8asX8H8K-250269590261716,Sub_1682052-0,EXAM,C_1xuxm9cx_2,C_1xuxm9cx,11.8,2021-07-29,2021-09-06,sinistre_before_contract_start
['otite bilaterale'],16.64,2021-08-02 13:35:15.011529,0,0,2021-07-31,MALADIE,sub_JdhAjg8asX8H8K-250269590261716,Sub_1682052-0,PHAR,C_1xuxm9cx_3,C_1xuxm9cx,20.8,2021-07-29,2021-09-06,sinistre_before_contract_start
['délai demande dépassé'],100.0,2021-08-18 15:17:47.805541,0,0,2021-05-28,PREVENTION,sub_JSxTSdiIpwnFsX-250268501905500,Sub_1376631,STER,C_yrm3jxs6_1,C_yrm3jxs6,345.0,2021-05-28,2021-11-05,sinistre_before_contract_start
['visite vaccinale'],62.5,2021-09-15 16:16:29.972092,0,0,2021-09-14,PREVENTION,sub_KD4opZCFJx1q7V-250269590594292,Sub_1977515-0,VACC,C_D_154253WZQ_1,C_D_154253WZQ,62.5,2021-09-14,2021-11-09,sinistre_before_contract_start
[],37.5,2021-10-22 13:58:40.659354,0,0,2021-10-19,PREVENTION,sub_KD4opZCFJx1q7V-250269590594292,Sub_1977515-0,VACC,C_vnhgnd4c_1,C_vnhgnd4c,60.5,2021-10-19,2021-11-09,sinistre_before_contract_start
[],47.0,2021-08-20 14:08:29.641417,0,0,2021-08-17,PREVENTION,sub_K1Il3ueucVUqyc-250268743746231,Sub_1490401-0,VACC,C_r60ujd9j_1,C_r60ujd9j,47.0,2021-08-17,2021-11-08,sinistre_before_contract_start
[],14.3,2021-08-20 14:08:29.641417,0,0,2021-08-17,PREVENTION,sub_K1Il3ueucVUqyc-250268743746231,Sub_1490401-0,ANTP,C_r60ujd9j_2,C_r60ujd9j,14.3,2021-08-17,2021-11-08,sinistre_before_contract_start
['Blessure lèvre inférieure lésion'],30.4,2021-09-07 15:12:39.207126,0,0,2021-08-27,MALADIE,sub_Je42jJhzPwOKZ0-250268743869388,Sub_1915249-0,EXAM,C_uxzynmxo_1,C_uxzynmxo,38.0,2021-08-25,2021-10-06,sinistre_before_contract_start
[],8.0,2021-09-07 15:12:39.207126,0,0,2021-08-27,MALADIE,sub_Je42jJhzPwOKZ0-250268743869388,Sub_1915249-0,EXAM,C_uxzynmxo_2,C_uxzynmxo,10.0,2021-08-25,2021-10-06,sinistre_before_contract_start
[],5.28,2021-09-07 15:12:39.207126,0,0,2021-08-27,MALADIE,sub_Je42jJhzPwOKZ0-250268743869388,Sub_1915249-0,PHAR,C_uxzynmxo_3,C_uxzynmxo,6.6,2021-08-25,2021-10-06,sinistre_before_contract_start
[],8.0,2021-09-07 15:12:39.207126,0,0,2021-09-02,MALADIE,sub_Je42jJhzPwOKZ0-250268743869388,Sub_1915249-0,EXAM,C_uxzynmxo_4,C_uxzynmxo,10.0,2021-08-25,2021-10-06,sinistre_before_contract_start
[],12.88,2021-09-07 15:12:39.207126,0,0,2021-09-02,MALADIE,sub_Je42jJhzPwOKZ0-250268743869388,Sub_1915249-0,PHAR,C_uxzynmxo_5,C_uxzynmxo,16.1,2021-08-25,2021-10-06,sinistre_before_contract_start
['100 â‚¬ atteint / stÃ©rilisation'],100.0,2021-10-19 13:44:18.791756,0,0,2021-10-18,PREVENTION,sub_K1Ji9rv1udd9db-250269300169210,Sub_1171359-0,STER,C_e7jocibn_1,C_e7jocibn,341.67,2021-10-18,2021-11-08,sinistre_before_contract_start
[],72.0,2021-09-17 16:29:06.807172,0,0,2021-09-14,PREVENTION,sub_KCa4KgTUCjdY86-250269608792560,Sub_1555361-0,VACC,C_gxbstvk6_1,C_gxbstvk6,72.0,2021-09-14,2021-10-09,sinistre_before_contract_start
[],28.0,2021-09-17 16:29:06.807172,0,0,2021-09-14,PREVENTION,sub_KCa4KgTUCjdY86-250269608792560,Sub_1555361-0,ANTP,C_gxbstvk6_2,C_gxbstvk6,67.8,2021-09-14,2021-10-09,sinistre_before_contract_start
['100 â‚¬ atteint'],100.0,2021-11-22 22:48:30.948636,0,0,2021-11-15,PREVENTION,sub_1JuuV1F5i98BakySctNS1wcy-250269590517024,Sub_1349337-0,EXAMA,C_f20h36cf_1,C_f20h36cf,139.5,2021-11-15,2021-12-11,sinistre_before_contract_start
['visite vaccinale'],74.1,2021-11-15 16:13:52.499195,0,0,2021-11-13,PREVENTION,sub_K1g2YSE0c25ZKg-250268712456927,Sub_1821113-1,VACC,C_43bbtv6h_1,C_43bbtv6h,74.1,2021-11-13,2021-12-08,sinistre_before_contract_start
['delai de demande dépassé / visite vaccinale'],70.5,2021-09-14 15:27:35.628133,0,0,2021-08-30,PREVENTION,sub_KCcVnmmaUfOYHp-250269100285461,Sub_1338263-0,EXAMA,C_g8ll6b9e_1,C_g8ll6b9e,70.5,2021-08-30,2021-10-09,sinistre_before_contract_start
['100 â‚¬ atteint / castration'],29.5,2021-09-14 15:27:35.628133,0,0,2021-09-10,PREVENTION,sub_KCcVnmmaUfOYHp-250269100285461,Sub_1338263-0,EXAMA,C_g8ll6b9e_2,C_g8ll6b9e,80.0,2021-09-10,2021-10-09,sinistre_before_contract_start
['vomissement diarrhée'],0.0,2021-07-27 12:53:11.729918,0,0,2021-07-15,MALADIE,sub_JpmOOHPSJnV0DZ-250269608890079,Sub_1364340-0,EXAM,C_6h6g00q0_2,C_6h6g00q0,34.0,2021-07-15,2021-11-07,sinistre_before_contract_start
['vomissement diarrhée'],0.0,2021-07-27 12:53:11.729918,0,0,2021-07-15,MALADIE,sub_JpmOOHPSJnV0DZ-250269608890079,Sub_1364340-0,PHAR,C_6h6g00q0_3,C_6h6g00q0,5.0,2021-07-15,2021-11-07,sinistre_before_contract_start
['vomissement diarrhée'],0.0,2021-07-27 12:53:11.729918,0,0,2021-07-15,MALADIE,sub_JpmOOHPSJnV0DZ-250269608890079,Sub_1364340-0,PHAR,C_6h6g00q0_4,C_6h6g00q0,1.64,2021-07-15,2021-11-07,sinistre_before_contract_start
['vomissement diarrhée'],0.0,2021-07-27 12:53:11.729918,0,0,2021-07-15,MALADIE,sub_JpmOOHPSJnV0DZ-250269608890079,Sub_1364340-0,PHAR,C_6h6g00q0_5,C_6h6g00q0,21.0,2021-07-15,2021-11-07,sinistre_before_contract_start
['vomissement diarrhée'],0.0,2021-07-27 12:53:11.729918,0,0,2021-07-15,MALADIE,sub_JpmOOHPSJnV0DZ-250269608890079,Sub_1364340-0,PHAR,C_6h6g00q0_6,C_6h6g00q0,14.2,2021-07-15,2021-11-07,sinistre_before_contract_start
[],13.6,2021-07-27 12:53:11.729918,0,0,2021-07-15,PREVENTION,sub_JpmOOHPSJnV0DZ-250269608890079,Sub_1364340-0,VERM,C_6h6g00q0_7,C_6h6g00q0,13.6,2021-07-15,2021-11-07,sinistre_before_contract_start
[],7.3,2021-07-27 12:53:11.729918,0,0,2021-07-15,PREVENTION,sub_JpmOOHPSJnV0DZ-250269608890079,Sub_1364340-0,ANTP,C_6h6g00q0_8,C_6h6g00q0,7.3,2021-07-15,2021-11-07,sinistre_before_contract_start
['Visite vaccinale'],34.0,2021-07-27 12:41:41.313833,0,0,2021-07-26,PREVENTION,sub_JpmOOHPSJnV0DZ-250269608890079,Sub_1364340-0,EXAMA,C_eiwk6yhb_1,C_eiwk6yhb,34.0,2021-07-26,2021-11-07,sinistre_before_contract_start
['Visite vaccinale'],13.1,2021-07-27 12:41:41.313833,0,0,2021-07-26,PREVENTION,sub_JpmOOHPSJnV0DZ-250269608890079,Sub_1364340-0,VACC,C_eiwk6yhb_2,C_eiwk6yhb,13.1,2021-07-26,2021-11-07,sinistre_before_contract_start
"[""difficulté respiratoire + intolérance à l'effort""]",29.0,2021-08-24 13:28:24.703608,0,0,2021-08-23,MALADIE,sub_JdhFFryCGuOoDv-250269501900985,Sub_1750971-0,EXAM,C_nqie2yxh_1,C_nqie2yxh,29.0,2021-08-22,2021-09-06,sinistre_before_contract_start
['VACCINATION'],71.0,2021-11-08 17:44:55.544629,0,0,2021-11-02,PREVENTION,sub_1JjMddF5i98BakyS5NbLJrFO-250268743060592,Sub_1609045-0,VACC,C_8mhpqzk1_1,C_8mhpqzk1,71.0,2021-11-02,2021-11-10,sinistre_before_contract_start
['DETARTRAGE'],29.0,2021-11-08 17:46:25.433041,0,0,2021-10-27,PREVENTION,sub_1JjMddF5i98BakyS5NbLJrFO-250268743060592,Sub_1609045-0,DET,C_jwiwrfbc_1,C_jwiwrfbc,262.5,2021-10-27,2021-11-10,sinistre_before_contract_start
['visite vaccinale'],65.0,2021-11-05 17:04:44.260920,0,0,2021-11-04,PREVENTION,sub_1JjKcVF5i98BakySY6k5zB5h-250269610059682,Sub_1683071-0,EXAMA,C_ax2l9h7k_1,C_ax2l9h7k,65.0,2021-11-04,2021-11-10,sinistre_before_contract_start
['visite vaccinale'],26.1,2021-11-05 17:04:44.260920,0,0,2021-11-04,PREVENTION,sub_1JjKcVF5i98BakySY6k5zB5h-250269610059682,Sub_1683071-0,VERM,C_ax2l9h7k_2,C_ax2l9h7k,26.1,2021-11-04,2021-11-10,sinistre_before_contract_start
['100 â‚¬ ATTEINT / visite vaccinale'],8.9,2021-11-05 17:04:44.260920,0,0,2021-11-04,PREVENTION,sub_1JjKcVF5i98BakySY6k5zB5h-250269610059682,Sub_1683071-0,ANTP,C_ax2l9h7k_3,C_ax2l9h7k,65.6,2021-11-04,2021-11-10,sinistre_before_contract_start
['Castration'],100.0,2021-09-17 16:32:35.647559,0,0,2021-09-16,PREVENTION,sub_KD2z20129yxOzf-642099010070554,Sub_1383427-0,STER,C_D_196362NSN_1,C_D_196362NSN,236.0,2021-09-16,2021-11-09,sinistre_before_contract_start
"[""visite vaccinale / délai d'envoi dépassé""]",10.0,2021-10-04 13:20:48.577532,0,0,2021-08-17,PREVENTION,sub_K0WMjPCT98ghuO-250269100126665,Sub_1078448-0,ANTP,C_afuay6rp_1,C_afuay6rp,10.0,2021-08-17,2021-09-08,sinistre_before_contract_start
"[""visite vaccinale / délai d'envoi dépassé""]",12.5,2021-10-04 13:20:48.577532,0,0,2021-08-17,PREVENTION,sub_K0WMjPCT98ghuO-250269100126665,Sub_1078448-0,VERM,C_afuay6rp_2,C_afuay6rp,12.5,2021-08-17,2021-09-08,sinistre_before_contract_start
['bilan annuel'],47.06,2021-10-15 15:17:01.950798,0,0,2021-10-12,PREVENTION,sub_1JjQBsF5i98BakySrF8OJrcu-250269590461310,Sub_1038258-0,EXAMA,C_4m2b2jpw_1,C_4m2b2jpw,47.06,2021-10-12,2021-11-10,sinistre_before_contract_start
[],36.6,2021-10-18 16:03:02.684200,0,0,2021-10-15,PREVENTION,sub_1JjQBsF5i98BakySrF8OJrcu-250269590461310,Sub_1038258-0,ANTP,C_r35zccmr_1,C_r35zccmr,36.6,2021-10-15,2021-11-10,sinistre_before_contract_start
['plaie'],50.0,2021-10-22 13:09:08.907779,0,0,2021-10-21,ACCIDENT,sub_1JjnHAF5i98BakySxfLgwpla-250268732738681,Sub_1250233-0,EXAM,C_lz2tzvtx_1,C_lz2tzvtx,50.0,2021-10-20,2021-12-10,sinistre_before_contract_start
['plaie'],12.4,2021-10-22 13:09:08.907779,0,0,2021-10-21,ACCIDENT,sub_1JjnHAF5i98BakySxfLgwpla-250268732738681,Sub_1250233-0,PHAR,C_lz2tzvtx_2,C_lz2tzvtx,12.4,2021-10-20,2021-12-10,sinistre_before_contract_start
['plaie'],20.4,2021-10-22 13:09:08.907779,0,0,2021-10-21,ACCIDENT,sub_1JjnHAF5i98BakySxfLgwpla-250268732738681,Sub_1250233-0,PHAR,C_lz2tzvtx_3,C_lz2tzvtx,20.4,2021-10-20,2021-12-10,sinistre_before_contract_start
['antiparasitaire'],30.02,2021-10-26 09:11:18.399989,0,0,2021-10-22,PREVENTION,sub_1JjhvsF5i98BakySsKShpubo-250268743718123,Sub_1496518-0,ANTP,C_0sq33pig_1,C_0sq33pig,30.02,2021-10-22,2021-12-10,sinistre_before_contract_start
[],99.8,2021-07-13 16:39:03.591291,0,0,2021-07-09,PREVENTION,sub_Joy0WFdLk5BrhQ-250268743785469,Sub_1599285-0,VACC,C_5deh05gj_1,C_5deh05gj,99.8,2021-07-09,2021-09-07,sinistre_before_contract_start
['gastrite'],24.0,2021-09-08 08:15:59.014512,0,0,2021-09-06,MALADIE,sub_Joy0WFdLk5BrhQ-250268743785469,Sub_1599285-0,EXAM,C_7w78ag35_1,C_7w78ag35,30.0,2021-09-06,2021-09-07,sinistre_before_contract_start
['gastrite'],3.2,2021-09-08 08:15:59.014512,0,0,2021-09-06,MALADIE,sub_Joy0WFdLk5BrhQ-250268743785469,Sub_1599285-0,EXAM,C_7w78ag35_2,C_7w78ag35,4.0,2021-09-06,2021-09-07,sinistre_before_contract_start
['gastrite'],2.52,2021-09-08 08:15:59.014512,0,0,2021-09-06,MALADIE,sub_Joy0WFdLk5BrhQ-250268743785469,Sub_1599285-0,PHAR,C_7w78ag35_3,C_7w78ag35,3.15,2021-09-06,2021-09-07,sinistre_before_contract_start
['gastrite'],17.08,2021-09-08 08:15:59.014512,0,0,2021-09-06,MALADIE,sub_Joy0WFdLk5BrhQ-250268743785469,Sub_1599285-0,PHAR,C_7w78ag35_4,C_7w78ag35,21.35,2021-09-06,2021-09-07,sinistre_before_contract_start
[],74.0,2021-08-27 15:51:48.606014,0,0,2021-08-26,PREVENTION,sub_Joy0WFdLk5BrhQ-250268743785469,Sub_1599285-0,VACC,C_zn524ggs_1,C_zn524ggs,74.0,2021-08-26,2021-09-07,sinistre_before_contract_start
['100 â‚¬ atteint'],26.0,2021-08-27 15:51:48.606014,0,0,2021-08-26,PREVENTION,sub_Joy0WFdLk5BrhQ-250268743785469,Sub_1599285-0,VACC,C_zn524ggs_2,C_zn524ggs,28.0,2021-08-26,2021-09-07,sinistre_before_contract_start
['Recouvrement du trop remboursÃ© de 99.8â‚¬'],-99.8,2021-08-27 15:51:48.606014,0,0,2021-08-26,PREVENTION,sub_Joy0WFdLk5BrhQ-250268743785469,Sub_1599285-0,RECOUVREMENT_DALMA,C_zn524ggs_3,C_zn524ggs,-99.8,2021-08-26,2021-09-07,sinistre_before_contract_start
[],54.0,2021-12-06 13:53:33.114823,0,0,2021-11-02,PREVENTION,sub_1JwV82F5i98BakySxDdXI55W-250268712811168,Sub_DLM_1725263-0,ANTP,C_yp7ai4hf_1,C_yp7ai4hf,54.0,2021-11-02,2021-11-16,sinistre_before_contract_start
['100  â‚¬ ATTEINT'],20.0,2021-11-10 16:37:59.743583,0,0,2021-11-06,PREVENTION,sub_Jpodsfjlf9z6Vq-250268743814948,Sub_1718029-0,ANTP,C_2yzwxoil_1,C_2yzwxoil,26.0,2021-11-06,2021-11-07,sinistre_before_contract_start
[],13.0,2021-11-10 16:36:45.736602,0,0,2021-10-06,PREVENTION,sub_Jpodsfjlf9z6Vq-250268743814948,Sub_1718029-0,ANTP,C_ezf1139a_1,C_ezf1139a,13.0,2021-10-06,2021-11-07,sinistre_before_contract_start
[],12.0,2021-11-10 16:36:45.736602,0,0,2021-10-06,PREVENTION,sub_Jpodsfjlf9z6Vq-250268743814948,Sub_1718029-0,VERM,C_ezf1139a_2,C_ezf1139a,12.0,2021-10-06,2021-11-07,sinistre_before_contract_start
['vaccin'],45.0,2021-08-12 15:16:25.690089,0,0,2021-08-11,PREVENTION,sub_Jpodsfjlf9z6Vq-250268743814948,Sub_1718029-0,VACC,C_rz5e0acq_1,C_rz5e0acq,45.0,2021-08-11,2021-11-07,sinistre_before_contract_start
['vaccin'],81.1,2021-12-16 11:59:43.288135,0,0,2021-12-04,PREVENTION,sub_1JuvN0F5i98BakySZ1NHhVqE-250269590620146,Sub_1053799-0,VACC,C_9w1hccyg_1,C_9w1hccyg,81.1,2021-12-04,2021-12-11,sinistre_before_contract_start
['plafond atteint'],100.0,2021-06-01 10:11:32.940282,0,0,2021-05-28,PREVENTION,sub_JSWB8mIMvWdQ9s-250268743652706,Sub_1065049,STER,C_o7iwcqy7_1,C_o7iwcqy7,185.0,2021-05-28,2021-10-05,sinistre_before_contract_start
['plafond atteint'],0.0,2021-06-01 10:11:32.940282,0,0,2021-05-28,PREVENTION,sub_JSWB8mIMvWdQ9s-250268743652706,Sub_1065049,EXAMA,C_o7iwcqy7_2,C_o7iwcqy7,18.0,2021-05-28,2021-10-05,sinistre_before_contract_start
['plafond atteint'],0.0,2021-06-01 10:11:32.940282,0,0,2021-05-28,PREVENTION,sub_JSWB8mIMvWdQ9s-250268743652706,Sub_1065049,PHAR,C_o7iwcqy7_3,C_o7iwcqy7,7.15,2021-05-28,2021-10-05,sinistre_before_contract_start
['plafond atteint'],0.0,2021-06-01 10:11:32.940282,0,0,2021-05-28,PREVENTION,sub_JSWB8mIMvWdQ9s-250268743652706,Sub_1065049,PHAR,C_o7iwcqy7_4,C_o7iwcqy7,12.98,2021-05-28,2021-10-05,sinistre_before_contract_start
['plafond atteint'],0.0,2021-06-01 10:11:32.940282,0,0,2021-05-28,PREVENTION,sub_JSWB8mIMvWdQ9s-250268743652706,Sub_1065049,PHAR,C_o7iwcqy7_5,C_o7iwcqy7,6.16,2021-05-28,2021-10-05,sinistre_before_contract_start
['sterilisation'],62.3,2021-09-14 15:22:38.558379,0,0,2021-09-10,PREVENTION,sub_KCaKUD7urKtupG-250269590318215,Sub_1784719-0,STER,C_6gvj95ky_1,C_6gvj95ky,62.3,2021-09-10,2021-10-09,sinistre_before_contract_start
['sterilisation'],34.1,2021-09-14 15:22:38.558379,0,0,2021-09-10,PREVENTION,sub_KCaKUD7urKtupG-250269590318215,Sub_1784719-0,EXAMA,C_6gvj95ky_2,C_6gvj95ky,34.1,2021-09-10,2021-10-09,sinistre_before_contract_start
['100 â‚¬ atteint'],3.6,2021-09-14 15:22:38.558379,0,0,2021-09-10,PREVENTION,sub_KCaKUD7urKtupG-250269590318215,Sub_1784719-0,VACC,C_6gvj95ky_3,C_6gvj95ky,45.3,2021-09-10,2021-10-09,sinistre_before_contract_start
[],90.0,2021-07-22 17:05:17.507590,0,0,2021-07-20,PREVENTION,sub_JStldlY97PSnOi-250269811802600,Sub_1528728,VACC,C_e3s7k5j1_1,C_e3s7k5j1,90.0,2021-07-20,2021-11-05,sinistre_before_contract_start
[],10.0,2021-07-22 17:05:17.507590,0,0,2021-07-20,PREVENTION,sub_JStldlY97PSnOi-250269811802600,Sub_1528728,ANTP,C_e3s7k5j1_2,C_e3s7k5j1,43.1,2021-07-20,2021-11-05,sinistre_before_contract_start
['100 EUROS OK'],0.0,2021-07-22 17:05:17.507590,0,0,2021-07-20,PREVENTION,sub_JStldlY97PSnOi-250269811802600,Sub_1528728,VERM,C_e3s7k5j1_3,C_e3s7k5j1,8.3,2021-07-20,2021-11-05,sinistre_before_contract_start
['visite vaccinale'],46.2,2021-09-28 12:44:15.097693,0,0,2021-09-23,PREVENTION,sub_1JeGsVF5i98BakySbaEoiBDI-250269608964395,Sub_1671924-0,VACC,C_tk6n8n8d_1,C_tk6n8n8d,46.2,2021-09-23,2021-09-27,sinistre_before_contract_start
[],17.0,2021-07-19 17:09:32.037503,0,0,2021-07-19,PREVENTION,sub_Jq6OHHDMz4lZOZ-250268600199851,Sub_1200258-0,VACC,C_2wx0npyl_1,C_2wx0npyl,17.0,2021-07-19,2021-12-07,sinistre_before_contract_start
[],35.0,2021-07-19 17:09:32.037503,0,0,2021-07-19,PREVENTION,sub_Jq6OHHDMz4lZOZ-250268600199851,Sub_1200258-0,EXAMA,C_2wx0npyl_2,C_2wx0npyl,35.0,2021-07-19,2021-12-07,sinistre_before_contract_start
[],12.9,2021-07-19 17:09:32.037503,0,0,2021-07-19,PREVENTION,sub_Jq6OHHDMz4lZOZ-250268600199851,Sub_1200258-0,CALIM,C_2wx0npyl_3,C_2wx0npyl,12.9,2021-07-19,2021-12-07,sinistre_before_contract_start
[],14.7,2021-07-19 17:09:32.037503,0,0,2021-07-19,PREVENTION,sub_Jq6OHHDMz4lZOZ-250268600199851,Sub_1200258-0,HYG,C_2wx0npyl_4,C_2wx0npyl,14.7,2021-07-19,2021-12-07,sinistre_before_contract_start
['Rouge coussinet post Gauche'],29.8,2021-10-22 12:56:38.660138,0,0,2021-10-15,MALADIE,sub_JeT1GQUqfcTtCs-250269590277234,Sub_1216090-0,EXAM,C_umcw9rgd_1,C_umcw9rgd,29.8,2021-10-15,2021-11-06,sinistre_before_contract_start
['Rouge coussinet et post gauche'],8.9,2021-10-22 12:56:38.660138,0,0,2021-10-15,MALADIE,sub_JeT1GQUqfcTtCs-250269590277234,Sub_1216090-0,EXAM,C_umcw9rgd_2,C_umcw9rgd,8.9,2021-10-15,2021-11-06,sinistre_before_contract_start
['Rouge coussinet et post gauche'],5.9,2021-10-22 12:56:38.660138,0,0,2021-10-15,MALADIE,sub_JeT1GQUqfcTtCs-250269590277234,Sub_1216090-0,PHAR,C_umcw9rgd_3,C_umcw9rgd,5.9,2021-10-15,2021-11-06,sinistre_before_contract_start
[],32.8,2021-07-12 17:36:17.605253,0,0,2021-07-08,MALADIE,sub_JSXmjsVvWxRMgP-250268731492607,Sub_1519172,EXAM,C_2s6ha53_1,C_2s6ha53,41.0,2021-07-01,2021-10-05,sinistre_before_contract_start
[],11.92,2021-07-12 17:36:17.605253,0,0,2021-07-08,MALADIE,sub_JSXmjsVvWxRMgP-250268731492607,Sub_1519172,PHAR,C_2s6ha53_2,C_2s6ha53,14.9,2021-07-01,2021-10-05,sinistre_before_contract_start
['Consultation'],32.8,2021-09-14 16:14:07.832449,0,0,2021-08-25,MALADIE,sub_JSXmjsVvWxRMgP-250268731492607,Sub_1519172,EXAM,C_D_156213LED_1,C_D_156213LED,41.0,2021-08-25,2021-10-05,sinistre_before_contract_start
[],32.0,2021-07-01 18:38:56.923733,0,0,2021-06-20,ACCIDENT,sub_JSXmjsVvWxRMgP-250268731492607,Sub_1519172,EXAM,C_gnm2qyy3_1,C_gnm2qyy3,40.0,2021-06-20,2021-10-05,sinistre_before_contract_start
[],40.0,2021-07-01 18:38:56.923733,0,0,2021-06-20,ACCIDENT,sub_JSXmjsVvWxRMgP-250268731492607,Sub_1519172,EXAM,C_gnm2qyy3_2,C_gnm2qyy3,50.0,2021-06-20,2021-10-05,sinistre_before_contract_start
[],30.24,2021-07-01 18:38:56.923733,0,0,2021-06-20,ACCIDENT,sub_JSXmjsVvWxRMgP-250268731492607,Sub_1519172,EXAM,C_gnm2qyy3_3,C_gnm2qyy3,37.8,2021-06-20,2021-10-05,sinistre_before_contract_start
[],7.6,2021-07-01 18:38:56.923733,0,0,2021-06-20,ACCIDENT,sub_JSXmjsVvWxRMgP-250268731492607,Sub_1519172,EXAM,C_gnm2qyy3_4,C_gnm2qyy3,9.5,2021-06-20,2021-10-05,sinistre_before_contract_start
[],67.2,2021-07-01 18:38:56.923733,0,0,2021-06-20,ACCIDENT,sub_JSXmjsVvWxRMgP-250268731492607,Sub_1519172,EXAM,C_gnm2qyy3_5,C_gnm2qyy3,84.0,2021-06-20,2021-10-05,sinistre_before_contract_start
[],15.38,2021-07-01 18:38:56.923733,0,0,2021-06-20,ACCIDENT,sub_JSXmjsVvWxRMgP-250268731492607,Sub_1519172,PHAR,C_gnm2qyy3_6,C_gnm2qyy3,19.23,2021-06-20,2021-10-05,sinistre_before_contract_start
[],0.75,2021-07-01 18:38:56.923733,0,0,2021-06-20,ACCIDENT,sub_JSXmjsVvWxRMgP-250268731492607,Sub_1519172,PHAR,C_gnm2qyy3_7,C_gnm2qyy3,0.94,2021-06-20,2021-10-05,sinistre_before_contract_start
[],100.0,2021-07-12 17:28:17.997525,0,0,2021-06-21,PREVENTION,sub_Jdp2Uml6HPKKps-250269608543489,Sub_1705074-0,VERM,C_mb721g3h_1,C_mb721g3h,191.5,2021-06-21,2021-09-06,sinistre_before_contract_start
['castration'],81.0,2021-09-24 16:17:24.728014,0,0,2021-09-23,PREVENTION,sub_KCqn6i0EheceP2-250269608938737,Sub_1615094-0,EXAMA,C_ntq28iew_1,C_ntq28iew,81.0,2021-09-23,2021-11-09,sinistre_before_contract_start
['castration'],13.3,2021-09-24 16:17:24.728014,0,0,2021-09-23,PREVENTION,sub_KCqn6i0EheceP2-250269608938737,Sub_1615094-0,ANTP,C_ntq28iew_2,C_ntq28iew,13.3,2021-09-23,2021-11-09,sinistre_before_contract_start
['castration'],100.0,2021-05-28 10:48:30.150786,0,0,2021-05-27,PREVENTION,sub_JSQiIpr3xJJMxa-250269608803419,Sub_1488884,STER,C_eeeq5jbz_1,C_eeeq5jbz,169.0,2021-05-27,2021-10-05,sinistre_before_contract_start
['médicament lié à la castration'],0.0,2021-05-28 10:48:30.150786,0,0,2021-05-27,PREVENTION,sub_JSQiIpr3xJJMxa-250269608803419,Sub_1488884,PHAR,C_eeeq5jbz_10,C_eeeq5jbz,8.7,2021-05-27,2021-10-05,sinistre_before_contract_start
['médicament lié à la castration'],0.0,2021-05-28 10:48:30.150786,0,0,2021-05-27,PREVENTION,sub_JSQiIpr3xJJMxa-250269608803419,Sub_1488884,PHAR,C_eeeq5jbz_2,C_eeeq5jbz,3.4,2021-05-27,2021-10-05,sinistre_before_contract_start
['médicament lié à la castration'],0.0,2021-05-28 10:48:30.150786,0,0,2021-05-27,PREVENTION,sub_JSQiIpr3xJJMxa-250269608803419,Sub_1488884,PHAR,C_eeeq5jbz_3,C_eeeq5jbz,6.9,2021-05-27,2021-10-05,sinistre_before_contract_start
['médicament lié à la castration'],0.0,2021-05-28 10:48:30.150786,0,0,2021-05-27,PREVENTION,sub_JSQiIpr3xJJMxa-250269608803419,Sub_1488884,PHAR,C_eeeq5jbz_4,C_eeeq5jbz,4.8,2021-05-27,2021-10-05,sinistre_before_contract_start
['médicament lié à la castration'],0.0,2021-05-28 10:48:30.150786,0,0,2021-05-27,PREVENTION,sub_JSQiIpr3xJJMxa-250269608803419,Sub_1488884,PHAR,C_eeeq5jbz_5,C_eeeq5jbz,5.0,2021-05-27,2021-10-05,sinistre_before_contract_start
['médicament lié à la castration'],0.0,2021-05-28 10:48:30.150786,0,0,2021-05-27,PREVENTION,sub_JSQiIpr3xJJMxa-250269608803419,Sub_1488884,PHAR,C_eeeq5jbz_6,C_eeeq5jbz,3.6,2021-05-27,2021-10-05,sinistre_before_contract_start
['médicament lié à la castration'],0.0,2021-05-28 10:48:30.150786,0,0,2021-05-27,PREVENTION,sub_JSQiIpr3xJJMxa-250269608803419,Sub_1488884,PHAR,C_eeeq5jbz_7,C_eeeq5jbz,1.8,2021-05-27,2021-10-05,sinistre_before_contract_start
['médicament lié à la castration'],0.0,2021-05-28 10:48:30.150786,0,0,2021-05-27,PREVENTION,sub_JSQiIpr3xJJMxa-250269608803419,Sub_1488884,PHAR,C_eeeq5jbz_8,C_eeeq5jbz,5.4,2021-05-27,2021-10-05,sinistre_before_contract_start
['visite vaccinale'],45.0,2021-12-02 10:10:19.493718,0,0,2021-11-29,PREVENTION,sub_1Jv2wIF5i98BakySRVWI7vMr-250268743976080,Sub_1723678-0,VACC,C_h1oojpdc_1,C_h1oojpdc,45.0,2021-11-29,2021-12-11,sinistre_before_contract_start
[],1.8,2021-12-02 10:10:19.493718,0,0,2021-11-29,PREVENTION,sub_1Jv2wIF5i98BakySRVWI7vMr-250268743976080,Sub_1723678-0,VERM,C_h1oojpdc_2,C_h1oojpdc,1.8,2021-11-29,2021-12-11,sinistre_before_contract_start
[],7.4,2021-12-02 10:10:19.493718,0,0,2021-11-29,PREVENTION,sub_1Jv2wIF5i98BakySRVWI7vMr-250268743976080,Sub_1723678-0,ANTP,C_h1oojpdc_3,C_h1oojpdc,7.4,2021-11-29,2021-12-11,sinistre_before_contract_start
['BOUTON ET PRURIT'],33.6,2021-11-05 15:28:45.250813,0,0,2021-11-03,MALADIE,sub_K1OsjBsjue0vlx-250268743798843,Sub_1514379-0,EXAM,C_b9i10mqz_1,C_b9i10mqz,42.0,2021-11-01,2021-11-08,sinistre_before_contract_start
['BOUTON ET PRURIT'],18.4,2021-11-05 15:28:45.250813,0,0,2021-11-03,MALADIE,sub_K1OsjBsjue0vlx-250268743798843,Sub_1514379-0,PHAR,C_b9i10mqz_2,C_b9i10mqz,23.0,2021-11-01,2021-11-08,sinistre_before_contract_start
['BOUTON ET PRURIT'],15.76,2021-11-05 15:28:45.250813,0,0,2021-11-03,MALADIE,sub_K1OsjBsjue0vlx-250268743798843,Sub_1514379-0,PHAR,C_b9i10mqz_3,C_b9i10mqz,19.7,2021-11-01,2021-11-08,sinistre_before_contract_start
['plaie suite morsure derrière oreille / feuille de soin sur sinistre C_bajv8g8x'],33.6,2021-10-18 15:01:42.405642,0,0,2021-10-15,ACCIDENT,sub_K1OsjBsjue0vlx-250268743798843,Sub_1514379-0,EXAM,C_ihi3d7is_1,C_ihi3d7is,42.0,2021-10-15,2021-11-08,sinistre_before_contract_start
['plaie suite morsure derrière oreille'],12.0,2021-10-18 15:01:42.405642,0,0,2021-10-16,ACCIDENT,sub_K1OsjBsjue0vlx-250268743798843,Sub_1514379-0,EXAM,C_ihi3d7is_2,C_ihi3d7is,15.0,2021-10-15,2021-11-08,sinistre_before_contract_start
[],75.0,2021-08-23 16:45:33.528589,0,0,2021-08-17,PREVENTION,sub_K1OsjBsjue0vlx-250268743798843,Sub_1514379-0,VACC,C_l8tzt7aa_2,C_l8tzt7aa,75.0,2021-08-17,2021-11-08,sinistre_before_contract_start
[],7.8,2021-08-23 16:45:33.528589,0,0,2021-08-17,PREVENTION,sub_K1OsjBsjue0vlx-250268743798843,Sub_1514379-0,VERM,C_l8tzt7aa_3,C_l8tzt7aa,7.8,2021-08-17,2021-11-08,sinistre_before_contract_start
['PLAFOND ATTEINT'],17.2,2021-09-20 14:49:56.849714,0,0,2021-09-18,PREVENTION,sub_K1OsjBsjue0vlx-250268743798843,Sub_1514379-0,VERM,C_ofzoze1i_1,C_ofzoze1i,24.4,2021-09-18,2021-11-08,sinistre_before_contract_start
['antiparasitaire + vermifuge'],38.0,2021-08-02 14:20:54.666783,0,0,2021-08-02,PREVENTION,sub_Jq2btdk9r2Eevw-250268501977762,Sub_1538521-0,EXAMA,C_653ttfky_1,C_653ttfky,38.0,2021-08-02,2021-12-07,sinistre_before_contract_start
['antiparasitaire + vermifuge'],28.46,2021-08-02 14:20:54.666783,0,0,2021-08-02,PREVENTION,sub_Jq2btdk9r2Eevw-250268501977762,Sub_1538521-0,ANTP,C_653ttfky_2,C_653ttfky,42.8,2021-08-02,2021-12-07,sinistre_before_contract_start
['suspicion de teigne'],40.0,2021-11-08 21:09:35.732658,0,0,2021-11-05,MALADIE,sub_Jq2btdk9r2Eevw-250268501977762,Sub_1538521-0,EXAM,C_as9dw80b_1,C_as9dw80b,40.0,2021-11-05,2021-12-07,sinistre_before_contract_start
['suspicion de teigne'],10.0,2021-11-08 21:09:35.732658,0,0,2021-11-05,MALADIE,sub_Jq2btdk9r2Eevw-250268501977762,Sub_1538521-0,EXAM,C_as9dw80b_2,C_as9dw80b,10.0,2021-11-05,2021-12-07,sinistre_before_contract_start
[],69.4,2021-11-08 21:09:35.732658,0,0,2021-11-05,MALADIE,sub_Jq2btdk9r2Eevw-250268501977762,Sub_1538521-0,PHAR,C_as9dw80b_3,C_as9dw80b,69.4,2021-11-05,2021-12-07,sinistre_before_contract_start
[],6.79,2021-11-08 21:09:35.732658,0,0,2021-11-05,MALADIE,sub_Jq2btdk9r2Eevw-250268501977762,Sub_1538521-0,PHAR,C_as9dw80b_4,C_as9dw80b,6.79,2021-11-05,2021-12-07,sinistre_before_contract_start
['teigne'],43.0,2021-11-22 22:58:43.863263,0,0,2021-11-05,MALADIE,sub_Jq2btdk9r2Eevw-250268501977762,Sub_1538521-0,EXAM,C_bvxmbplx_1,C_bvxmbplx,43.0,2021-11-05,2021-12-07,sinistre_before_contract_start
[],17.34,2021-07-15 15:23:49.063354,0,0,2021-07-13,PREVENTION,sub_Jq2btdk9r2Eevw-250268501977762,Sub_1538521-0,VERM,C_mkyi51lj_1,C_mkyi51lj,17.34,2021-07-13,2021-12-07,sinistre_before_contract_start
[],16.2,2021-07-15 15:23:49.063354,0,0,2021-07-13,PREVENTION,sub_Jq2btdk9r2Eevw-250268501977762,Sub_1538521-0,ANTP,C_mkyi51lj_2,C_mkyi51lj,16.2,2021-07-13,2021-12-07,sinistre_before_contract_start
['Plaie oreille'],102.0,2021-09-10 13:21:33.312740,0,0,2021-09-08,ACCIDENT,sub_Jq2btdk9r2Eevw-250268501977762,Sub_1538521-0,EXAM,C_r5cbe6pz_1,C_r5cbe6pz,102.0,2021-09-08,2021-12-07,sinistre_before_contract_start
['Plaie oreille'],72.0,2021-09-10 13:21:33.312740,0,0,2021-09-08,ACCIDENT,sub_Jq2btdk9r2Eevw-250268501977762,Sub_1538521-0,EXAM,C_r5cbe6pz_2,C_r5cbe6pz,72.0,2021-09-08,2021-12-07,sinistre_before_contract_start
['Plaie oreille'],70.0,2021-09-10 13:21:33.312740,0,0,2021-09-08,ACCIDENT,sub_Jq2btdk9r2Eevw-250268501977762,Sub_1538521-0,EXAM,C_r5cbe6pz_3,C_r5cbe6pz,70.0,2021-09-08,2021-12-07,sinistre_before_contract_start
['Plaie oreille'],20.0,2021-09-10 13:21:33.312740,0,0,2021-09-08,ACCIDENT,sub_Jq2btdk9r2Eevw-250268501977762,Sub_1538521-0,EXAM,C_r5cbe6pz_4,C_r5cbe6pz,20.0,2021-09-08,2021-12-07,sinistre_before_contract_start
['Exérèse verrue'],120.0,2021-09-23 17:42:32.088582,0,0,2021-09-22,MALADIE,sub_JpFy3TJY8lkL6z-250269608317006,Sub_1628264-0,EXAM,C_iqungdpk_1,C_iqungdpk,120.0,2021-09-12,2021-10-07,sinistre_before_contract_start
['Exérèse verrue'],70.0,2021-09-23 17:42:32.088582,0,0,2021-09-22,MALADIE,sub_JpFy3TJY8lkL6z-250269608317006,Sub_1628264-0,EXAM,C_iqungdpk_2,C_iqungdpk,70.0,2021-09-12,2021-10-07,sinistre_before_contract_start
['Injection cytopoint'],230.0,2021-10-27 12:11:54.454229,0,0,2021-10-26,MALADIE,sub_JpFy3TJY8lkL6z-250269608317006,Sub_1628264-0,EXAM,C_v82ip9cy_1,C_v82ip9cy,230.0,2021-10-01,2021-10-07,sinistre_before_contract_start
['Injection cytopoint'],33.0,2021-10-27 12:11:54.454229,0,0,2021-10-26,MALADIE,sub_JpFy3TJY8lkL6z-250269608317006,Sub_1628264-0,PHAR,C_v82ip9cy_2,C_v82ip9cy,33.0,2021-10-01,2021-10-07,sinistre_before_contract_start
['Attention ACCIDENT et non MALADIE - Epillet dans le nez'],40.0,2021-09-09 16:09:28.653969,0,0,2021-09-01,MALADIE,sub_JpFy3TJY8lkL6z-250269608317006,Sub_1628264-0,EXAM,C_wy3n9dzv_1,C_wy3n9dzv,40.0,2021-08-30,2021-10-07,sinistre_before_contract_start
[],65.0,2021-09-09 16:09:28.653969,0,0,2021-09-01,MALADIE,sub_JpFy3TJY8lkL6z-250269608317006,Sub_1628264-0,EXAM,C_wy3n9dzv_2,C_wy3n9dzv,65.0,2021-08-30,2021-10-07,sinistre_before_contract_start
['Atopie'],18.0,2021-10-27 11:35:26.775324,0,0,2021-10-21,MALADIE,sub_JpFy3TJY8lkL6z-250269608317006,Sub_1628264-0,EXAM,C_x3fs1vwo_1,C_x3fs1vwo,18.0,2021-10-01,2021-10-07,sinistre_before_contract_start
['Atopie'],33.0,2021-10-27 11:35:26.775324,0,0,2021-10-21,MALADIE,sub_JpFy3TJY8lkL6z-250269608317006,Sub_1628264-0,EXAM,C_x3fs1vwo_2,C_x3fs1vwo,33.0,2021-10-01,2021-10-07,sinistre_before_contract_start
['visite vaccinale'],30.6,2021-11-16 16:36:14.933434,0,0,2021-10-27,MALADIE,sub_1JjK9QF5i98BakySdQrcKZGu-250269300174011,Sub_1927883-0,EXAM,C_ht86vv8r_1,C_ht86vv8r,30.6,2021-10-27,2021-11-10,sinistre_before_contract_start
[],64.0,2021-11-16 16:36:14.933434,0,0,2021-10-27,PREVENTION,sub_1JjK9QF5i98BakySdQrcKZGu-250269300174011,Sub_1927883-0,VACC,C_ht86vv8r_2,C_ht86vv8r,64.0,2021-10-27,2021-11-10,sinistre_before_contract_start
[],5.4,2021-11-16 16:36:14.933434,0,0,2021-10-27,PREVENTION,sub_1JjK9QF5i98BakySdQrcKZGu-250269300174011,Sub_1927883-0,VERM,C_ht86vv8r_3,C_ht86vv8r,7.2,2021-10-27,2021-11-10,sinistre_before_contract_start
['Consultation'],35.0,2021-10-06 14:44:17.823577,0,0,2021-10-05,MALADIE,sub_K1EcEVBpgQuyD4-250269590375236,Sub_1521051-0,EXAM,C_yn2mdnk0_1,C_yn2mdnk0,35.0,2021-10-05,2021-11-08,sinistre_before_contract_start
['Consultation'],10.0,2021-10-06 14:44:17.823577,0,0,2021-10-05,MALADIE,sub_K1EcEVBpgQuyD4-250269590375236,Sub_1521051-0,EXAM,C_yn2mdnk0_2,C_yn2mdnk0,10.0,2021-10-05,2021-11-08,sinistre_before_contract_start
['Consultation'],14.2,2021-10-06 14:44:17.823577,0,0,2021-10-05,MALADIE,sub_K1EcEVBpgQuyD4-250269590375236,Sub_1521051-0,PHAR,C_yn2mdnk0_3,C_yn2mdnk0,14.2,2021-10-05,2021-11-08,sinistre_before_contract_start
['Consultation'],30.1,2021-10-06 14:44:17.823577,0,0,2021-10-05,MALADIE,sub_K1EcEVBpgQuyD4-250269590375236,Sub_1521051-0,PHAR,C_yn2mdnk0_4,C_yn2mdnk0,30.1,2021-10-05,2021-11-08,sinistre_before_contract_start
['vermifuge'],4.7,2021-10-06 14:44:17.823577,0,0,2021-10-05,PREVENTION,sub_K1EcEVBpgQuyD4-250269590375236,Sub_1521051-0,VERM,C_yn2mdnk0_5,C_yn2mdnk0,4.7,2021-10-05,2021-11-08,sinistre_before_contract_start
['pour info délai dépassé'],38.0,2021-10-25 12:41:36.204072,0,0,2021-10-09,PREVENTION,sub_1JnNWNF5i98BakyScgvZGNcB-967000010334304,Sub_1362009-0,VACC,C_blia7zlq_1,C_blia7zlq,38.0,2021-10-09,2021-10-22,sinistre_before_contract_start
['visite vaccinale'],65.0,2021-07-27 13:20:10.832410,0,0,2021-07-26,PREVENTION,sub_JoVb10wddJm0tT-250268600273641,Sub_1198832-0,VACC,C_v23vyu8i_1,C_v23vyu8i,65.0,2021-07-26,2021-08-07,sinistre_before_contract_start
['maladie moins de 45 jour'],0.0,2021-07-27 13:20:10.832410,0,0,2021-07-26,MALADIE,sub_JoVb10wddJm0tT-250268600273641,Sub_1198832-0,PHAR,C_v23vyu8i_2,C_v23vyu8i,31.7,2021-07-26,2021-08-07,sinistre_before_contract_start
