coverRef,actCategory,actType,incidentDate,coverStartDate,carence_days,carence_end_date,days_before_eligibility,claimPaid,anomaly_type
sub_JpakMyv4nzqxvr-250269590444547,PREVENTION,VERM,2021-09-21,2021-11-07,0,2021-11-07,47.0,13.65,reimbursement_before_carence
sub_JpakMyv4nzqxvr-250269590444547,PREVENTION,VERM,2021-07-15,2021-11-07,0,2021-11-07,115.0,6.49,reimbursement_before_carence
sub_JpakMyv4nzqxvr-250269590444547,PREVENTION,VACC,2021-07-28,2021-11-07,0,2021-11-07,102.0,58.0,reimbursement_before_carence
sub_JOQycpLQ2NuWUR-250269608770991,MALADIE,PHAR,2021-05-28,2021-04-29,45,2021-06-13,16.0,11.65,reimbursement_before_carence
sub_JOQycpLQ2NuWUR-250269608770991,MALADIE,PHAR,2021-05-28,2021-04-29,45,2021-06-13,16.0,12.5,reimbursement_before_carence
sub_KDiA7XXcPm3FaO-250269608938970,MALADIE,EXAM,2021-10-21,2021-09-13,45,2021-10-28,7.0,40.0,reimbursement_before_carence
sub_KDiA7XXcPm3FaO-250269608938970,MALADIE,EXAM,2021-10-21,2021-09-13,45,2021-10-28,7.0,5.5,reimbursement_before_carence
sub_KDiA7XXcPm3FaO-250269608938970,MALADIE,PHAR,2021-10-21,2021-09-13,45,2021-10-28,7.0,15.1,reimbursement_before_carence
sub_JYlxIruefxZCri-250269590501363,MALADIE,PHAR,2021-06-08,2021-05-27,45,2021-07-11,33.0,0.0,reimbursement_before_carence
sub_Jq5jg58xypU0rw-250269590160186,MALADIE,EXAM,2021-11-05,2021-12-07,45,2022-01-21,77.0,96.8,reimbursement_before_carence
sub_JodNBw149mzy6D-642099000808800,PREVENTION,EXAMA,2021-07-09,2021-08-07,0,2021-08-07,29.0,50.0,reimbursement_before_carence
sub_JodNBw149mzy6D-642099000808800,PREVENTION,STER,2021-07-09,2021-08-07,0,2021-08-07,29.0,36.0,reimbursement_before_carence
sub_JodNBw149mzy6D-642099000808800,PREVENTION,EXAMA,2021-07-09,2021-08-07,0,2021-08-07,29.0,13.2,reimbursement_before_carence
sub_JodNBw149mzy6D-642099000808800,PREVENTION,EXAMA,2021-07-09,2021-08-07,0,2021-08-07,29.0,0.8,reimbursement_before_carence
sub_JodNBw149mzy6D-642099000808800,PREVENTION,PHAR,2021-07-09,2021-08-07,0,2021-08-07,29.0,0.0,reimbursement_before_carence
sub_JodNBw149mzy6D-642099000808800,PREVENTION,PHAR,2021-07-09,2021-08-07,0,2021-08-07,29.0,0.0,reimbursement_before_carence
sub_JodNBw149mzy6D-642099000808800,MALADIE,EXAM,2021-08-24,2021-08-07,45,2021-09-21,28.0,33.6,reimbursement_before_carence
sub_JodNBw149mzy6D-642099000808800,MALADIE,PHAR,2021-08-24,2021-08-07,45,2021-09-21,28.0,23.68,reimbursement_before_carence
sub_JodNBw149mzy6D-642099000808800,MALADIE,PHAR,2021-08-24,2021-08-07,45,2021-09-21,28.0,9.68,reimbursement_before_carence
sub_JodNBw149mzy6D-642099000808800,MALADIE,PHAR,2021-08-24,2021-08-07,45,2021-09-21,28.0,10.24,reimbursement_before_carence
sub_K0srTUtGyMdr4I-250268743914219,PREVENTION,VACC,2021-09-16,2021-10-08,0,2021-10-08,22.0,29.8,reimbursement_before_carence
sub_K0srTUtGyMdr4I-250268743914219,PREVENTION,EXAMA,2021-08-11,2021-10-08,0,2021-10-08,58.0,60.0,reimbursement_before_carence
sub_K0srTUtGyMdr4I-250268743914219,PREVENTION,PHAR,2021-08-11,2021-10-08,0,2021-10-08,58.0,5.7,reimbursement_before_carence
sub_K0srTUtGyMdr4I-250268743914219,PREVENTION,VERM,2021-08-11,2021-10-08,0,2021-10-08,58.0,4.5,reimbursement_before_carence
sub_1Jv2qUF5i98BakySWuK7k3oC-250269610162078,PREVENTION,EXAMA,2021-11-26,2021-12-11,0,2021-12-11,15.0,69.0,reimbursement_before_carence
sub_1Jv2qUF5i98BakySWuK7k3oC-250269610162078,PREVENTION,VACC,2021-11-26,2021-12-11,0,2021-12-11,15.0,24.0,reimbursement_before_carence
sub_1Jv2qUF5i98BakySWuK7k3oC-250269610162078,PREVENTION,ANTP,2021-11-26,2021-12-11,0,2021-12-11,15.0,7.0,reimbursement_before_carence
sub_JSATGaZHghCK53-250268732109705,PREVENTION,VACC,2021-07-29,2021-09-05,0,2021-09-05,38.0,75.5,reimbursement_before_carence
sub_JRmKqpXgGRCfZ4-643093300038996,PREVENTION,VACC,2021-05-10,2021-08-05,0,2021-08-05,87.0,80.0,reimbursement_before_carence
sub_JRmKqpXgGRCfZ4-643093300038996,PREVENTION,VERM,2021-05-10,2021-08-05,0,2021-08-05,87.0,3.0,reimbursement_before_carence
sub_JRmKqpXgGRCfZ4-643093300038996,PREVENTION,ANTP,2021-05-10,2021-08-05,0,2021-08-05,87.0,17.0,reimbursement_before_carence
sub_JdlFnCXCsUTnOe-250269608554373,PREVENTION,VACC,2021-07-15,2021-09-06,0,2021-09-06,53.0,63.0,reimbursement_before_carence
sub_Jd1hdS4LQ7OK6n-250269300001109,PREVENTION,EXAMA,2021-06-23,2021-07-06,0,2021-07-06,13.0,91.3,reimbursement_before_carence
sub_Jd1hdS4LQ7OK6n-250269300001109,MALADIE,EXAM,2021-07-23,2021-07-06,45,2021-08-20,28.0,43.0,reimbursement_before_carence
sub_Jd1hdS4LQ7OK6n-250269300001109,MALADIE,EXAM,2021-07-23,2021-07-06,45,2021-08-20,28.0,24.5,reimbursement_before_carence
sub_Jd1hdS4LQ7OK6n-250269300001109,MALADIE,PHAR,2021-07-23,2021-07-06,45,2021-08-20,28.0,30.2,reimbursement_before_carence
sub_Jd1hdS4LQ7OK6n-250269300001109,MALADIE,PHAR,2021-07-23,2021-07-06,45,2021-08-20,28.0,14.6,reimbursement_before_carence
sub_1JuzfwF5i98BakySn1Yo8aoJ-250269699507734,PREVENTION,EXAMA,2021-11-29,2021-12-11,0,2021-12-11,12.0,66.0,reimbursement_before_carence
sub_1JuzfwF5i98BakySn1Yo8aoJ-250269699507734,PREVENTION,ANTP,2021-11-29,2021-12-11,0,2021-12-11,12.0,12.0,reimbursement_before_carence
sub_1JuzfwF5i98BakySn1Yo8aoJ-250269699507734,PREVENTION,VERM,2021-11-29,2021-12-11,0,2021-12-11,12.0,3.2,reimbursement_before_carence
sub_JoeFQoAgqa8ix9-250268502032234,PREVENTION,STER,2021-08-03,2021-08-07,0,2021-08-07,4.0,100.0,reimbursement_before_carence
sub_1JjmCEF5i98BakySuZgbZdMy-250269608974697,PREVENTION,CALIM,2021-11-03,2021-12-10,0,2021-12-10,37.0,20.4,reimbursement_before_carence
sub_1JjmCEF5i98BakySuZgbZdMy-250269608974697,PREVENTION,CALIM,2021-11-03,2021-12-10,0,2021-12-10,37.0,5.84,reimbursement_before_carence
sub_1JjmCEF5i98BakySuZgbZdMy-250269608974697,PREVENTION,CALIM,2021-11-03,2021-12-10,0,2021-12-10,37.0,15.2,reimbursement_before_carence
sub_1JjmCEF5i98BakySuZgbZdMy-250269608974697,PREVENTION,VACC,2021-11-09,2021-12-10,0,2021-12-10,31.0,9.06,reimbursement_before_carence
sub_1JjmCEF5i98BakySuZgbZdMy-250269608974697,PREVENTION,VACC,2021-10-12,2021-12-10,0,2021-12-10,59.0,49.5,reimbursement_before_carence
sub_Jj5JeB4M8cTJYL-250269300008995,MALADIE,EXAM,2021-07-26,2021-06-23,45,2021-08-07,12.0,42.0,reimbursement_before_carence
sub_Jj5JeB4M8cTJYL-250269300008995,MALADIE,EXAM,2021-07-26,2021-06-23,45,2021-08-07,12.0,12.0,reimbursement_before_carence
sub_Jj5JeB4M8cTJYL-250269300008995,MALADIE,PHAR,2021-07-26,2021-06-23,45,2021-08-07,12.0,20.0,reimbursement_before_carence
sub_Jj5JeB4M8cTJYL-250269300008995,MALADIE,EXAM,2021-07-26,2021-06-23,45,2021-08-07,12.0,154.0,reimbursement_before_carence
sub_Je3GUVQgWGR475-250268501922929,PREVENTION,VERM,2021-06-10,2021-10-06,0,2021-10-06,118.0,40.3,reimbursement_before_carence
sub_Je3GUVQgWGR475-250268501922929,PREVENTION,ANTP,2021-06-10,2021-10-06,0,2021-10-06,118.0,8.3,reimbursement_before_carence
sub_Je3GUVQgWGR475-250268501922929,ACCIDENT,EXAM,2021-09-08,2021-10-06,2,2021-10-08,30.0,37.0,reimbursement_before_carence
sub_Je3GUVQgWGR475-250268501922929,ACCIDENT,PHAR,2021-09-08,2021-10-06,2,2021-10-08,30.0,16.4,reimbursement_before_carence
sub_Je3GUVQgWGR475-250268501922929,PREVENTION,VACC,2021-07-02,2021-10-06,0,2021-10-06,96.0,51.4,reimbursement_before_carence
sub_JaT8nf48gTcvxs-900164001992555,MALADIE,EXAM,2021-05-24,2021-05-31,45,2021-07-15,52.0,45.0,reimbursement_before_carence
sub_JaT8nf48gTcvxs-900164001992555,MALADIE,EXAM,2021-05-24,2021-05-31,45,2021-07-15,52.0,12.0,reimbursement_before_carence
sub_JaT8nf48gTcvxs-900164001992555,MALADIE,EXAM,2021-05-24,2021-05-31,45,2021-07-15,52.0,75.0,reimbursement_before_carence
sub_JaT8nf48gTcvxs-900164001992555,MALADIE,PHAR,2021-05-24,2021-05-31,45,2021-07-15,52.0,6.2,reimbursement_before_carence
sub_JaT8nf48gTcvxs-900164001992555,MALADIE,PHAR,2021-05-24,2021-05-31,45,2021-07-15,52.0,8.6,reimbursement_before_carence
sub_JaT8nf48gTcvxs-900164001992555,MALADIE,PHAR,2021-05-24,2021-05-31,45,2021-07-15,52.0,13.9,reimbursement_before_carence
sub_JaT8nf48gTcvxs-900164001992555,MALADIE,PHAR,2021-05-24,2021-05-31,45,2021-07-15,52.0,21.6,reimbursement_before_carence
sub_1JeGQwF5i98BakySqfahZX8P-250268743933844,MALADIE,HOSP,2021-12-06,2021-09-27,120,2022-01-25,50.0,44.0,reimbursement_before_carence
sub_1JjLcpF5i98BakySoXOaYS9q-250269500830990,MALADIE,EXAM,2021-12-13,2021-11-10,45,2021-12-25,12.0,50.5,reimbursement_before_carence
sub_1JpXiIF5i98BakySKf2YfovG-900215001202636,MALADIE,EXAM,2021-12-07,2021-10-28,45,2021-12-12,5.0,6.0,reimbursement_before_carence
sub_1JpXiIF5i98BakySKf2YfovG-900215001202636,MALADIE,PHAR,2021-12-07,2021-10-28,45,2021-12-12,5.0,7.62,reimbursement_before_carence
sub_1JpXiIF5i98BakySKf2YfovG-900215001202636,MALADIE,PHAR,2021-12-07,2021-10-28,45,2021-12-12,5.0,6.0,reimbursement_before_carence
sub_K1jEoCToTkqi44-250268501586462,PREVENTION,OST,2021-11-25,2021-12-08,0,2021-12-08,13.0,47.0,reimbursement_before_carence
sub_JZE36tzpfV05Um-250268743597641,MALADIE,EXAM,2021-07-01,2021-05-28,45,2021-07-12,11.0,268.5,reimbursement_before_carence
sub_JZE36tzpfV05Um-250268743597641,MALADIE,EXAM,2021-07-01,2021-05-28,45,2021-07-12,11.0,35.0,reimbursement_before_carence
sub_JZE36tzpfV05Um-250268743597641,MALADIE,EXAM,2021-07-01,2021-05-28,45,2021-07-12,11.0,43.6,reimbursement_before_carence
sub_JSTA6dBG7fvUQA-250268731585060,MALADIE,EXAM,2021-06-30,2021-10-05,45,2021-11-19,142.0,15.92,reimbursement_before_carence
sub_JSTA6dBG7fvUQA-250268731585060,MALADIE,PHAR,2021-06-30,2021-10-05,45,2021-11-19,142.0,12.0,reimbursement_before_carence
sub_JSTA6dBG7fvUQA-250268731585060,MALADIE,EXAM,2021-06-30,2021-10-05,45,2021-11-19,142.0,8.64,reimbursement_before_carence
sub_JSTA6dBG7fvUQA-250268731585060,ACCIDENT,EXAM,2021-06-30,2021-10-05,2,2021-10-07,99.0,28.56,reimbursement_before_carence
sub_JSTA6dBG7fvUQA-250268731585060,ACCIDENT,EXAM,2021-06-30,2021-10-05,2,2021-10-07,99.0,43.28,reimbursement_before_carence
sub_JSTA6dBG7fvUQA-250268731585060,ACCIDENT,EXAM,2021-06-30,2021-10-05,2,2021-10-07,99.0,11.84,reimbursement_before_carence
sub_JSTA6dBG7fvUQA-250268731585060,ACCIDENT,EXAM,2021-06-30,2021-10-05,2,2021-10-07,99.0,8.64,reimbursement_before_carence
sub_JSTA6dBG7fvUQA-250268731585060,ACCIDENT,PHAR,2021-06-30,2021-10-05,2,2021-10-07,99.0,3.07,reimbursement_before_carence
sub_JSTA6dBG7fvUQA-250268731585060,ACCIDENT,PHAR,2021-06-30,2021-10-05,2,2021-10-07,99.0,15.36,reimbursement_before_carence
sub_JSTA6dBG7fvUQA-250268731585060,MALADIE,EXAM,2021-07-02,2021-10-05,45,2021-11-19,140.0,0.0,reimbursement_before_carence
sub_JSTA6dBG7fvUQA-250268731585060,MALADIE,PHAR,2021-11-14,2021-10-05,45,2021-11-19,5.0,16.8,reimbursement_before_carence
sub_JSTA6dBG7fvUQA-250268731585060,MALADIE,EXAM,2021-11-14,2021-10-05,45,2021-11-19,5.0,28.56,reimbursement_before_carence
sub_JT9Cam3yDpSDE2-250268743398962,MALADIE,EXAM,2021-08-12,2021-12-05,45,2022-01-19,160.0,36.5,reimbursement_before_carence
sub_JT9Cam3yDpSDE2-250268743398962,MALADIE,EXAM,2021-08-12,2021-12-05,45,2022-01-19,160.0,10.0,reimbursement_before_carence
sub_JT9Cam3yDpSDE2-250268743398962,MALADIE,EXAM,2021-08-12,2021-12-05,45,2022-01-19,160.0,8.4,reimbursement_before_carence
sub_JT9Cam3yDpSDE2-250268743398962,MALADIE,EXAM,2021-08-12,2021-12-05,45,2022-01-19,160.0,26.7,reimbursement_before_carence
sub_JT9Cam3yDpSDE2-250268743398962,MALADIE,EXAM,2021-07-11,2021-12-05,45,2022-01-19,192.0,43.0,reimbursement_before_carence
sub_JT9Cam3yDpSDE2-250268743398962,MALADIE,EXAM,2021-07-11,2021-12-05,45,2022-01-19,192.0,11.5,reimbursement_before_carence
sub_JT9Cam3yDpSDE2-250268743398962,MALADIE,EXAM,2021-07-11,2021-12-05,45,2022-01-19,192.0,25.2,reimbursement_before_carence
sub_JT9Cam3yDpSDE2-250268743398962,MALADIE,PHAR,2021-07-11,2021-12-05,45,2022-01-19,192.0,20.0,reimbursement_before_carence
sub_JT9Cam3yDpSDE2-250268743398962,MALADIE,PHAR,2021-07-11,2021-12-05,45,2022-01-19,192.0,14.2,reimbursement_before_carence
sub_JT9Cam3yDpSDE2-250268743398962,MALADIE,PHAR,2021-07-11,2021-12-05,45,2022-01-19,192.0,20.9,reimbursement_before_carence
sub_JT9Cam3yDpSDE2-250268743398962,MALADIE,EXAM,2021-12-23,2021-12-05,45,2022-01-19,27.0,36.5,reimbursement_before_carence
sub_JT9Cam3yDpSDE2-250268743398962,MALADIE,EXAM,2021-12-23,2021-12-05,45,2022-01-19,27.0,19.2,reimbursement_before_carence
sub_JT9Cam3yDpSDE2-250268743398962,MALADIE,EXAM,2021-07-16,2021-12-05,45,2022-01-19,187.0,36.5,reimbursement_before_carence
sub_JT9Cam3yDpSDE2-250268743398962,MALADIE,EXAM,2021-07-16,2021-12-05,45,2022-01-19,187.0,10.7,reimbursement_before_carence
sub_JT9Cam3yDpSDE2-250268743398962,MALADIE,PHAR,2021-07-16,2021-12-05,45,2022-01-19,187.0,11.4,reimbursement_before_carence
sub_JT9Cam3yDpSDE2-250268743398962,MALADIE,PHAR,2021-07-16,2021-12-05,45,2022-01-19,187.0,10.8,reimbursement_before_carence
sub_JT9Cam3yDpSDE2-250268743398962,MALADIE,PHAR,2021-07-16,2021-12-05,45,2022-01-19,187.0,10.7,reimbursement_before_carence
sub_JT9Cam3yDpSDE2-250268743398962,MALADIE,EXAM,2021-08-12,2021-12-05,45,2022-01-19,160.0,36.5,reimbursement_before_carence
sub_JT9Cam3yDpSDE2-250268743398962,MALADIE,EXAM,2021-08-12,2021-12-05,45,2022-01-19,160.0,10.0,reimbursement_before_carence
sub_JT9Cam3yDpSDE2-250268743398962,MALADIE,EXAM,2021-08-12,2021-12-05,45,2022-01-19,160.0,8.4,reimbursement_before_carence
sub_JT9Cam3yDpSDE2-250268743398962,MALADIE,PHAR,2021-08-12,2021-12-05,45,2022-01-19,160.0,26.7,reimbursement_before_carence
sub_JT9Cam3yDpSDE2-250268743398962,PREVENTION,VACC,2021-08-27,2021-12-05,0,2021-12-05,100.0,15.7,reimbursement_before_carence
sub_JT9Cam3yDpSDE2-250268743398962,PREVENTION,EXAMA,2021-06-28,2021-12-05,0,2021-12-05,160.0,36.5,reimbursement_before_carence
sub_JT9Cam3yDpSDE2-250268743398962,PREVENTION,VERM,2021-06-28,2021-12-05,0,2021-12-05,160.0,16.2,reimbursement_before_carence
sub_JT9Cam3yDpSDE2-250268743398962,PREVENTION,ANTP,2021-06-28,2021-12-05,0,2021-12-05,160.0,15.8,reimbursement_before_carence
sub_JT9Cam3yDpSDE2-250268743398962,PREVENTION,ANTP,2021-07-28,2021-12-05,0,2021-12-05,130.0,15.8,reimbursement_before_carence
sub_1Jv2jqF5i98BakySh0FSijF5-250269100204308,PREVENTION,VACC,2021-11-30,2021-12-11,0,2021-12-11,11.0,28.94,reimbursement_before_carence
sub_1Jv2jqF5i98BakySh0FSijF5-250269100204308,PREVENTION,EXAMA,2021-11-09,2021-12-11,0,2021-12-11,32.0,67.15,reimbursement_before_carence
sub_1Jv2jqF5i98BakySh0FSijF5-250269100204308,PREVENTION,VERM,2021-11-13,2021-12-11,0,2021-12-11,28.0,3.9,reimbursement_before_carence
sub_JvdslW7g38LQdj-250269608565621,MALADIE,EXAM,2021-08-02,2021-07-27,45,2021-09-10,39.0,56.6,reimbursement_before_carence
sub_JvdslW7g38LQdj-250269608565621,MALADIE,EXAM,2021-08-02,2021-07-27,45,2021-09-10,39.0,6.9,reimbursement_before_carence
sub_JvdslW7g38LQdj-250269608565621,MALADIE,PHAR,2021-08-02,2021-07-27,45,2021-09-10,39.0,55.2,reimbursement_before_carence
sub_JvdslW7g38LQdj-250269608565621,MALADIE,EXAM,2021-08-12,2021-07-27,45,2021-09-10,29.0,45.9,reimbursement_before_carence
sub_1Jxa97F5i98BakySRuKFjSnD-250269608991807,PREVENTION,VACC,2021-11-18,2021-11-19,0,2021-11-19,1.0,56.0,reimbursement_before_carence
sub_JSQboCecJMykVb-642098100264850,ACCIDENT,EXAM,2021-07-04,2021-10-05,2,2021-10-07,95.0,750.0,reimbursement_before_carence
sub_JSQboCecJMykVb-642098100264850,ACCIDENT,EXAM,2021-07-04,2021-10-05,2,2021-10-07,95.0,449.0,reimbursement_before_carence
sub_JSQboCecJMykVb-642098100264850,ACCIDENT,EXAM,2021-07-04,2021-10-05,2,2021-10-07,95.0,4.0,reimbursement_before_carence
sub_JSQboCecJMykVb-642098100264850,ACCIDENT,EXAM,2021-07-04,2021-10-05,2,2021-10-07,95.0,6.0,reimbursement_before_carence
sub_JSQboCecJMykVb-642098100264850,ACCIDENT,PHAR,2021-07-04,2021-10-05,2,2021-10-07,95.0,15.8,reimbursement_before_carence
sub_JSQboCecJMykVb-642098100264850,PREVENTION,VERM,2021-07-07,2021-10-05,0,2021-10-05,90.0,8.3,reimbursement_before_carence
sub_JSQboCecJMykVb-642098100264850,PREVENTION,ANTP,2021-07-07,2021-10-05,0,2021-10-05,90.0,42.7,reimbursement_before_carence
sub_JSQboCecJMykVb-642098100264850,ACCIDENT,EXAM,2021-07-05,2021-10-05,2,2021-10-07,94.0,38.0,reimbursement_before_carence
sub_JSQboCecJMykVb-642098100264850,ACCIDENT,PHAR,2021-07-05,2021-10-05,2,2021-10-07,94.0,16.0,reimbursement_before_carence
sub_JSQboCecJMykVb-642098100264850,ACCIDENT,PHAR,2021-07-05,2021-10-05,2,2021-10-07,94.0,26.4,reimbursement_before_carence
sub_K5M6aYpuAPWCou-250269590516999,MALADIE,EXAM,2021-10-05,2021-08-22,45,2021-10-06,1.0,36.0,reimbursement_before_carence
sub_K12fQf6L8Yk6Fl-250268743775087,PREVENTION,STER,2021-09-09,2021-10-08,0,2021-10-08,29.0,100.0,reimbursement_before_carence
sub_K1YQPnVxGY3WMN-250268502039362,MALADIE,PHAR,2021-12-06,2021-12-08,45,2022-01-22,47.0,35.5,reimbursement_before_carence
sub_K1YQPnVxGY3WMN-250268502039362,MALADIE,EXAM,2021-12-06,2021-12-08,45,2022-01-22,47.0,65.0,reimbursement_before_carence
sub_K1YQPnVxGY3WMN-250268502039362,MALADIE,EXAM,2021-12-10,2021-12-08,45,2022-01-22,43.0,95.0,reimbursement_before_carence
sub_K1YQPnVxGY3WMN-250268502039362,MALADIE,PHAR,2021-12-10,2021-12-08,45,2022-01-22,43.0,15.3,reimbursement_before_carence
sub_K1YQPnVxGY3WMN-250268502039362,MALADIE,EXAM,2021-12-10,2021-12-08,45,2022-01-22,43.0,21.0,reimbursement_before_carence
sub_K1YQPnVxGY3WMN-250268502039362,MALADIE,PHAR,2021-12-10,2021-12-08,45,2022-01-22,43.0,15.3,reimbursement_before_carence
sub_K1YQPnVxGY3WMN-250268502039362,MALADIE,EXAM,2021-12-10,2021-12-08,45,2022-01-22,43.0,65.0,reimbursement_before_carence
sub_KCXkySYSMJm8PA-250269100108158,PREVENTION,VACC,2021-09-17,2021-10-09,0,2021-10-09,22.0,51.8,reimbursement_before_carence
sub_1JzopdF5i98BakySA1jetgAR-250268743977253,MALADIE,EXAM,2021-11-29,2021-11-25,45,2022-01-09,41.0,59.0,reimbursement_before_carence
sub_1JzopdF5i98BakySA1jetgAR-250268743977253,MALADIE,EXAM,2021-11-28,2021-11-25,45,2022-01-09,42.0,138.0,reimbursement_before_carence
sub_1JzopdF5i98BakySA1jetgAR-250268743977253,MALADIE,EXAM,2021-11-28,2021-11-25,45,2022-01-09,42.0,26.0,reimbursement_before_carence
sub_1JzopdF5i98BakySA1jetgAR-250268743977253,MALADIE,EXAM,2021-11-29,2021-11-25,45,2022-01-09,41.0,134.0,reimbursement_before_carence
sub_1JzopdF5i98BakySA1jetgAR-250268743977253,MALADIE,EXAM,2021-11-28,2021-11-25,45,2022-01-09,42.0,54.0,reimbursement_before_carence
sub_K1S7QzEWEvJ95D-250269590498896,PREVENTION,VACC,2021-08-28,2021-11-08,0,2021-11-08,72.0,61.1,reimbursement_before_carence
sub_K1S7QzEWEvJ95D-250269590498896,PREVENTION,VACC,2021-08-28,2021-11-08,0,2021-11-08,72.0,26.2,reimbursement_before_carence
sub_K1S7QzEWEvJ95D-250269590498896,PREVENTION,ANTP,2021-08-28,2021-11-08,0,2021-11-08,72.0,12.7,reimbursement_before_carence
sub_1JuzjBF5i98BakySJ0YLrtOk-250269590241664,PREVENTION,STER,2021-11-15,2021-12-11,0,2021-12-11,26.0,85.0,reimbursement_before_carence
sub_JeqKpg1yJH2My6-250269608670576,MALADIE,EXAM,2021-12-02,2021-12-06,45,2022-01-20,49.0,35.2,reimbursement_before_carence
sub_JeqKpg1yJH2My6-250269608670576,MALADIE,PHAR,2021-12-02,2021-12-06,45,2022-01-20,49.0,15.2,reimbursement_before_carence
sub_1JwU5iF5i98BakySv7R0aDZk-250269610072706,PREVENTION,STER,2021-11-10,2021-11-17,0,2021-11-17,7.0,100.0,reimbursement_before_carence
sub_K0sM63TVri7Wng-250269606894170,PREVENTION,ANTP,2021-08-18,2021-10-08,0,2021-10-08,51.0,15.9,reimbursement_before_carence
sub_K0sM63TVri7Wng-250269606894170,PREVENTION,VERM,2021-08-18,2021-10-08,0,2021-10-08,51.0,12.3,reimbursement_before_carence
sub_K0sM63TVri7Wng-250269606894170,PREVENTION,VERM,2021-09-27,2021-10-08,0,2021-10-08,11.0,9.36,reimbursement_before_carence
sub_K0sM63TVri7Wng-250269606894170,PREVENTION,VERM,2021-09-27,2021-10-08,0,2021-10-08,11.0,3.48,reimbursement_before_carence
sub_JSCBlNJS9i8U6t-250268501920857,ACCIDENT,EXAM,2021-05-15,2021-09-05,2,2021-09-07,115.0,36.0,reimbursement_before_carence
sub_JSCBlNJS9i8U6t-250268501920857,ACCIDENT,EXAM,2021-05-15,2021-09-05,2,2021-09-07,115.0,32.0,reimbursement_before_carence
sub_JSCBlNJS9i8U6t-250268501920857,ACCIDENT,PHAR,2021-05-15,2021-09-05,2,2021-09-07,115.0,6.24,reimbursement_before_carence
sub_JSCBlNJS9i8U6t-250268501920857,ACCIDENT,EXAM,2021-05-15,2021-09-05,2,2021-09-07,115.0,16.0,reimbursement_before_carence
sub_JSCBlNJS9i8U6t-250268501920857,ACCIDENT,PHAR,2021-05-15,2021-09-05,2,2021-09-07,115.0,16.08,reimbursement_before_carence
sub_JSCBlNJS9i8U6t-250268501920857,ACCIDENT,PHAR,2021-05-15,2021-09-05,2,2021-09-07,115.0,4.72,reimbursement_before_carence
sub_JSCBlNJS9i8U6t-250268501920857,ACCIDENT,EXAM,2021-05-28,2021-09-05,2,2021-09-07,102.0,36.0,reimbursement_before_carence
sub_JSCBlNJS9i8U6t-250268501920857,ACCIDENT,EXAM,2021-05-28,2021-09-05,2,2021-09-07,102.0,11.2,reimbursement_before_carence
sub_K0r8M4D14HNgQ8-250268731914535,MALADIE,EXAM,2021-10-12,2021-10-08,45,2021-11-22,41.0,40.0,reimbursement_before_carence
sub_K0r8M4D14HNgQ8-250268731914535,MALADIE,EXAM,2021-10-12,2021-10-08,45,2021-11-22,41.0,21.0,reimbursement_before_carence
sub_K0r8M4D14HNgQ8-250268731914535,MALADIE,PHAR,2021-10-12,2021-10-08,45,2021-11-22,41.0,36.04,reimbursement_before_carence
sub_K0r8M4D14HNgQ8-250268731914535,MALADIE,EXAM,2021-11-05,2021-10-08,45,2021-11-22,17.0,40.0,reimbursement_before_carence
sub_K0r8M4D14HNgQ8-250268731914535,MALADIE,EXAM,2021-11-05,2021-10-08,45,2021-11-22,17.0,57.8,reimbursement_before_carence
sub_K0r8M4D14HNgQ8-250268731914535,MALADIE,EXAM,2021-11-05,2021-10-08,45,2021-11-22,17.0,134.76,reimbursement_before_carence
sub_K0r8M4D14HNgQ8-250268731914535,MALADIE,PHAR,2021-11-05,2021-10-08,45,2021-11-22,17.0,32.77,reimbursement_before_carence
sub_JetngfaXvGHSyg-250268501983703,ACCIDENT,EXAM,2021-11-24,2021-12-06,2,2021-12-08,14.0,36.0,reimbursement_before_carence
sub_JetngfaXvGHSyg-250268501983703,ACCIDENT,EXAM,2021-11-24,2021-12-06,2,2021-12-08,14.0,70.0,reimbursement_before_carence
sub_JetngfaXvGHSyg-250268501983703,ACCIDENT,EXAM,2021-11-24,2021-12-06,2,2021-12-08,14.0,50.0,reimbursement_before_carence
sub_JetngfaXvGHSyg-250268501983703,ACCIDENT,EXAM,2021-11-24,2021-12-06,2,2021-12-08,14.0,120.0,reimbursement_before_carence
sub_JetngfaXvGHSyg-250268501983703,MALADIE,EXAM,2021-12-17,2021-12-06,45,2022-01-20,34.0,95.2,reimbursement_before_carence
sub_JetngfaXvGHSyg-250268501983703,MALADIE,EXAM,2021-12-28,2021-12-06,45,2022-01-20,23.0,81.9,reimbursement_before_carence
sub_JetngfaXvGHSyg-250268501983703,MALADIE,EXAM,2021-12-20,2021-12-06,45,2022-01-20,31.0,36.0,reimbursement_before_carence
sub_JetngfaXvGHSyg-250268501983703,MALADIE,EXAM,2021-12-20,2021-12-06,45,2022-01-20,31.0,40.0,reimbursement_before_carence
sub_JetngfaXvGHSyg-250268501983703,MALADIE,EXAM,2021-12-20,2021-12-06,45,2022-01-20,31.0,15.2,reimbursement_before_carence
sub_1JuyOLF5i98BakySXAV1CUeQ-250269699503321,PREVENTION,STER,2021-11-23,2021-12-11,0,2021-12-11,18.0,100.0,reimbursement_before_carence
sub_JdOsf5GFxj0rPe-250268501689276,PREVENTION,PHAR,2021-07-02,2021-08-06,0,2021-08-06,35.0,3.4,reimbursement_before_carence
sub_JdOsf5GFxj0rPe-250268501689276,PREVENTION,ANTP,2021-07-02,2021-08-06,0,2021-08-06,35.0,10.1,reimbursement_before_carence
sub_JS16zMkW54Gna5-250 26 96 08 52 31 88,ACCIDENT,EXAM,2021-06-16,2021-09-05,2,2021-09-07,83.0,96.0,reimbursement_before_carence
sub_JS16zMkW54Gna5-250 26 96 08 52 31 88,ACCIDENT,PHAR,2021-06-16,2021-09-05,2,2021-09-07,83.0,15.2,reimbursement_before_carence
sub_JS16zMkW54Gna5-250 26 96 08 52 31 88,ACCIDENT,PHAR,2021-06-16,2021-09-05,2,2021-09-07,83.0,9.6,reimbursement_before_carence
sub_JS16zMkW54Gna5-250 26 96 08 52 31 88,PREVENTION,CALIM,2021-06-16,2021-09-05,0,2021-09-05,81.0,0.0,reimbursement_before_carence
sub_JS16zMkW54Gna5-250 26 96 08 52 31 88,ACCIDENT,EXAM,2021-06-28,2021-09-05,2,2021-09-07,71.0,30.4,reimbursement_before_carence
sub_JS16zMkW54Gna5-250 26 96 08 52 31 88,ACCIDENT,EXAM,2021-06-28,2021-09-05,2,2021-09-07,71.0,80.64,reimbursement_before_carence
sub_JS16zMkW54Gna5-250 26 96 08 52 31 88,ACCIDENT,EXAM,2021-06-28,2021-09-05,2,2021-09-07,71.0,15.2,reimbursement_before_carence
sub_JS16zMkW54Gna5-250 26 96 08 52 31 88,ACCIDENT,PHAR,2021-06-28,2021-09-05,2,2021-09-07,71.0,39.52,reimbursement_before_carence
sub_JS16zMkW54Gna5-250 26 96 08 52 31 88,ACCIDENT,PHAR,2021-06-28,2021-09-05,2,2021-09-07,71.0,37.92,reimbursement_before_carence
sub_JS16zMkW54Gna5-250 26 96 08 52 31 88,PREVENTION,VACC,2021-05-20,2021-09-05,0,2021-09-05,108.0,100.0,reimbursement_before_carence
sub_1K0q8gF5i98BakySRuqsJApI-250269608882307,PREVENTION,STER,2021-11-17,2021-11-28,0,2021-11-28,11.0,100.0,reimbursement_before_carence
sub_Jq6mlnr70LyNJw-250269608865668,PREVENTION,STER,2021-07-19,2021-12-07,0,2021-12-07,141.0,100.0,reimbursement_before_carence
sub_Jq6mlnr70LyNJw-250269608865668,PREVENTION,VERM,2021-07-19,2021-12-07,0,2021-12-07,141.0,0.0,reimbursement_before_carence
sub_Jq6mlnr70LyNJw-250269608865668,PREVENTION,ANTP,2021-07-19,2021-12-07,0,2021-12-07,141.0,0.0,reimbursement_before_carence
sub_1Jv14lF5i98BakySXdBX3A4w-250269590481997,PREVENTION,VACC,2021-11-16,2021-12-11,0,2021-12-11,25.0,57.6,reimbursement_before_carence
sub_1JjpQ7F5i98BakySpJJSpA4t-900215001274727,PREVENTION,EXAMA,2021-11-30,2021-12-10,0,2021-12-10,10.0,33.75,reimbursement_before_carence
sub_1JjpQ7F5i98BakySpJJSpA4t-900215001274727,PREVENTION,EXAMA,2021-11-30,2021-12-10,0,2021-12-10,10.0,66.25,reimbursement_before_carence
sub_1JjpQ7F5i98BakySpJJSpA4t-900215001274727,MALADIE,EXAM,2021-12-03,2021-12-10,45,2022-01-24,52.0,32.08,reimbursement_before_carence
sub_1JjpQ7F5i98BakySpJJSpA4t-900215001274727,MALADIE,EXAM,2021-12-03,2021-12-10,45,2022-01-24,52.0,10.64,reimbursement_before_carence
sub_1JjIVBF5i98BakySjyAeQHvn-250269608955925,MALADIE,EXAM,2021-12-18,2021-11-10,45,2021-12-25,7.0,36.0,reimbursement_before_carence
sub_1JjIVBF5i98BakySjyAeQHvn-250269608955925,MALADIE,EXAM,2021-12-18,2021-11-10,45,2021-12-25,7.0,50.0,reimbursement_before_carence
sub_1JjIVBF5i98BakySjyAeQHvn-250269608955925,MALADIE,EXAM,2021-12-18,2021-11-10,45,2021-12-25,7.0,24.0,reimbursement_before_carence
sub_1JjIVBF5i98BakySjyAeQHvn-250269608955925,MALADIE,EXAM,2021-12-18,2021-11-10,45,2021-12-25,7.0,6.0,reimbursement_before_carence
sub_1JjIVBF5i98BakySjyAeQHvn-250269608955925,MALADIE,PHAR,2021-12-18,2021-11-10,45,2021-12-25,7.0,15.3,reimbursement_before_carence
sub_1JjIVBF5i98BakySjyAeQHvn-250269608955925,MALADIE,EXAM,2021-12-18,2021-11-10,45,2021-12-25,7.0,17.6,reimbursement_before_carence
sub_1JjIVBF5i98BakySjyAeQHvn-250269608955925,MALADIE,EXAM,2021-12-18,2021-11-10,45,2021-12-25,7.0,4.8,reimbursement_before_carence
sub_1JjIVBF5i98BakySjyAeQHvn-250269608955925,MALADIE,EXAM,2021-12-19,2021-11-10,45,2021-12-25,6.0,140.7,reimbursement_before_carence
sub_1JjjheF5i98BakySrSg5xe5E-900133000430045,PREVENTION,VERM,2021-10-14,2021-12-10,0,2021-12-10,57.0,6.32,reimbursement_before_carence
sub_JdOQ7JPNdMVwpE-250268502064871,ACCIDENT,EXAM,2021-06-23,2021-08-06,2,2021-08-08,46.0,16.0,reimbursement_before_carence
sub_JdOQ7JPNdMVwpE-250268502064871,ACCIDENT,PHAR,2021-06-23,2021-08-06,2,2021-08-08,46.0,17.0,reimbursement_before_carence
sub_JdOQ7JPNdMVwpE-250268502064871,ACCIDENT,EXAM,2021-06-24,2021-08-06,2,2021-08-08,45.0,45.0,reimbursement_before_carence
sub_JdOQ7JPNdMVwpE-250268502064871,ACCIDENT,PHAR,2021-06-24,2021-08-06,2,2021-08-08,45.0,25.5,reimbursement_before_carence
sub_JdOQ7JPNdMVwpE-250268502064871,ACCIDENT,PHAR,2021-06-24,2021-08-06,2,2021-08-08,45.0,20.9,reimbursement_before_carence
sub_JdOQ7JPNdMVwpE-250268502064871,PREVENTION,VACC,2021-06-22,2021-08-06,0,2021-08-06,45.0,69.0,reimbursement_before_carence
sub_JdOQ7JPNdMVwpE-250268502064871,PREVENTION,VERM,2021-06-22,2021-08-06,0,2021-08-06,45.0,25.2,reimbursement_before_carence
sub_JdOQ7JPNdMVwpE-250268502064871,PREVENTION,PHAR,2021-06-22,2021-08-06,0,2021-08-06,45.0,5.8,reimbursement_before_carence
sub_JdOQ7JPNdMVwpE-250268502064871,ACCIDENT,EXAM,2021-06-23,2021-08-06,2,2021-08-08,46.0,133.0,reimbursement_before_carence
sub_JdOQ7JPNdMVwpE-250268502064871,ACCIDENT,EXAM,2021-06-23,2021-08-06,2,2021-08-08,46.0,46.0,reimbursement_before_carence
sub_JdOQ7JPNdMVwpE-250268502064871,ACCIDENT,PHAR,2021-06-23,2021-08-06,2,2021-08-08,46.0,33.0,reimbursement_before_carence
sub_JdOQ7JPNdMVwpE-250268502064871,ACCIDENT,PHAR,2021-06-23,2021-08-06,2,2021-08-08,46.0,31.0,reimbursement_before_carence
sub_JdOQ7JPNdMVwpE-250268502064871,ACCIDENT,PHAR,2021-06-23,2021-08-06,2,2021-08-08,46.0,89.0,reimbursement_before_carence
sub_JdOQ7JPNdMVwpE-250268502064871,ACCIDENT,EXAM,2021-06-23,2021-08-06,2,2021-08-08,46.0,98.5,reimbursement_before_carence
sub_JOg1Oh5nf83eAf-250269500775458,MALADIE,EXAM,2021-06-09,2021-04-30,45,2021-06-14,5.0,0.0,reimbursement_before_carence
sub_JOg1Oh5nf83eAf-250269500775458,MALADIE,EXAM,2021-06-09,2021-04-30,45,2021-06-14,5.0,0.0,reimbursement_before_carence
sub_JOg1Oh5nf83eAf-250269500775458,MALADIE,PHAR,2021-06-09,2021-04-30,45,2021-06-14,5.0,0.0,reimbursement_before_carence
sub_1Jv6SGF5i98BakySTbpm1qAN-250269610164079,PREVENTION,STER,2021-11-16,2021-12-11,0,2021-12-11,25.0,100.0,reimbursement_before_carence
sub_1Jv6yuF5i98BakySSYhG2Rfe-250268743987058,PREVENTION,VACC,2021-11-17,2021-12-11,0,2021-12-11,24.0,43.0,reimbursement_before_carence
sub_1Jv6yuF5i98BakySSYhG2Rfe-250268743987058,PREVENTION,ANTP,2021-11-17,2021-12-11,0,2021-12-11,24.0,15.4,reimbursement_before_carence
sub_K38ni9HUbJ4dwp-250268501925428,PREVENTION,STER,2021-08-03,2021-08-16,0,2021-08-16,13.0,100.0,reimbursement_before_carence
sub_JcwsPDyyEv1LJO-250268500839026,MALADIE,PHAR,2021-07-28,2021-07-06,45,2021-08-20,23.0,21.14,reimbursement_before_carence
sub_JcwsPDyyEv1LJO-250268500839026,MALADIE,EXAM,2021-07-28,2021-07-06,45,2021-08-20,23.0,115.2,reimbursement_before_carence
sub_Jq166SLYoVOLtn-250269608789369,ACCIDENT,EXAM,2021-08-24,2021-12-07,2,2021-12-09,107.0,40.0,reimbursement_before_carence
sub_Jq166SLYoVOLtn-250269608789369,ACCIDENT,EXAM,2021-08-24,2021-12-07,2,2021-12-09,107.0,16.0,reimbursement_before_carence
sub_Jq166SLYoVOLtn-250269608789369,ACCIDENT,PHAR,2021-08-24,2021-12-07,2,2021-12-09,107.0,26.56,reimbursement_before_carence
sub_Jq166SLYoVOLtn-250269608789369,ACCIDENT,PHAR,2021-08-24,2021-12-07,2,2021-12-09,107.0,10.32,reimbursement_before_carence
sub_Jq166SLYoVOLtn-250269608789369,ACCIDENT,PHAR,2021-08-24,2021-12-07,2,2021-12-09,107.0,14.0,reimbursement_before_carence
sub_Jq166SLYoVOLtn-250269608789369,ACCIDENT,PHAR,2021-08-24,2021-12-07,2,2021-12-09,107.0,6.56,reimbursement_before_carence
sub_1Jmkw9F5i98BakyS9uc37W0x-250269100155487,MALADIE,HOSP,2021-12-07,2021-10-20,120,2022-02-17,72.0,96.0,reimbursement_before_carence
sub_1JjQFXF5i98BakySh1QJVGo3-250269300179697,PREVENTION,EXAMA,2021-11-05,2021-11-10,0,2021-11-10,5.0,94.99,reimbursement_before_carence
sub_1Jv3ByF5i98BakySl11Tm6dS-250269610057973,PREVENTION,VERM,2021-12-06,2021-12-11,0,2021-12-11,5.0,3.0,reimbursement_before_carence
sub_1Jv3ByF5i98BakySl11Tm6dS-250269610057973,PREVENTION,VACC,2021-12-06,2021-12-11,0,2021-12-11,5.0,77.0,reimbursement_before_carence
sub_K1057Tp4lpgjaY-250269610015487,PREVENTION,EXAMA,2021-08-11,2021-10-08,0,2021-10-08,58.0,43.0,reimbursement_before_carence
sub_K1057Tp4lpgjaY-250269610015487,PREVENTION,VERM,2021-08-11,2021-10-08,0,2021-10-08,58.0,3.7,reimbursement_before_carence
sub_K1057Tp4lpgjaY-250269610015487,MALADIE,EXAM,2021-10-10,2021-10-08,45,2021-11-22,43.0,19.8,reimbursement_before_carence
sub_K1057Tp4lpgjaY-250269610015487,MALADIE,EXAM,2021-10-10,2021-10-08,45,2021-11-22,43.0,41.5,reimbursement_before_carence
sub_Jfcob3CxCJY55z-250269100287767,MALADIE,HOSP,2021-09-05,2021-06-14,120,2021-10-12,37.0,40.31,reimbursement_before_carence
sub_JohMplgO0h2PmC-250268502094175,PREVENTION,VACC,2021-07-10,2021-08-07,0,2021-08-07,28.0,70.0,reimbursement_before_carence
sub_JohMplgO0h2PmC-250268502094175,PREVENTION,ANTP,2021-07-10,2021-08-07,0,2021-08-07,28.0,26.4,reimbursement_before_carence
sub_Jd0fyG17zUxvpc-250269590326851,PREVENTION,VACC,2021-06-12,2021-07-06,0,2021-07-06,24.0,79.0,reimbursement_before_carence
sub_Jd0fyG17zUxvpc-250269590326851,PREVENTION,VACC,2021-06-12,2021-07-06,0,2021-07-06,24.0,7.5,reimbursement_before_carence
sub_Jd0fyG17zUxvpc-250269590326851,PREVENTION,ANTP,2021-06-12,2021-07-06,0,2021-07-06,24.0,10.7,reimbursement_before_carence
sub_Jd0fyG17zUxvpc-250269590326851,PREVENTION,CALIM,2021-06-12,2021-07-06,0,2021-07-06,24.0,1.7,reimbursement_before_carence
sub_KCVthuRUuRIqUa-250269606804366,PREVENTION,CALIM,2021-09-20,2021-10-09,0,2021-10-09,19.0,11.53,reimbursement_before_carence
sub_KCVthuRUuRIqUa-250269606804366,MALADIE,EXAM,2021-11-03,2021-10-09,45,2021-11-23,20.0,23.2,reimbursement_before_carence
sub_KCVthuRUuRIqUa-250269606804366,MALADIE,PHAR,2021-11-03,2021-10-09,45,2021-11-23,20.0,26.96,reimbursement_before_carence
sub_KCSOkM9wWoOAMq-250269590554768,MALADIE,EXAM,2021-09-14,2021-10-09,45,2021-11-23,70.0,28.4,reimbursement_before_carence
sub_KCSOkM9wWoOAMq-250269590554768,MALADIE,EXAM,2021-09-14,2021-10-09,45,2021-11-23,70.0,6.32,reimbursement_before_carence
sub_KCSOkM9wWoOAMq-250269590554768,MALADIE,PHAR,2021-09-14,2021-10-09,45,2021-11-23,70.0,0.08,reimbursement_before_carence
sub_KCSOkM9wWoOAMq-250269590554768,MALADIE,EXAM,2021-09-14,2021-10-09,45,2021-11-23,70.0,17.28,reimbursement_before_carence
sub_KCSOkM9wWoOAMq-250269590554768,PREVENTION,VACC,2021-09-25,2021-10-09,0,2021-10-09,14.0,59.0,reimbursement_before_carence
sub_KCSOkM9wWoOAMq-250269590554768,PREVENTION,EXAMA,2021-09-25,2021-10-09,0,2021-10-09,14.0,15.4,reimbursement_before_carence
sub_KCSOkM9wWoOAMq-250269590554768,PREVENTION,HYG,2021-09-25,2021-10-09,0,2021-10-09,14.0,15.5,reimbursement_before_carence
sub_KCSOkM9wWoOAMq-250269590554768,MALADIE,EXAM,2021-10-18,2021-10-09,45,2021-11-23,36.0,14.2,reimbursement_before_carence
sub_KCSOkM9wWoOAMq-250269590554768,MALADIE,EXAM,2021-10-18,2021-10-09,45,2021-11-23,36.0,5.6,reimbursement_before_carence
sub_1JdIA1F5i98BakySntA2SG8f-250268502026523,MALADIE,EXAM,2021-10-20,2021-09-24,45,2021-11-08,19.0,100.0,reimbursement_before_carence
sub_1JeK0gF5i98BakyS3czv88Uo-250269608900561,MALADIE,EXAM,2021-10-21,2021-09-27,45,2021-11-11,21.0,20.0,reimbursement_before_carence
sub_1Jv3WwF5i98BakySpuPHC1G6-250268501319110,PREVENTION,EXAMA,2021-11-24,2021-12-11,0,2021-12-11,17.0,40.0,reimbursement_before_carence
sub_1Jv3WwF5i98BakySpuPHC1G6-250268501319110,PREVENTION,VERM,2021-11-24,2021-12-11,0,2021-12-11,17.0,8.3,reimbursement_before_carence
sub_KDMupxh9OZIzkd-250269100074036,PREVENTION,VACC,2021-12-02,2021-12-09,0,2021-12-09,7.0,41.8,reimbursement_before_carence
sub_KDMupxh9OZIzkd-250269100074036,PREVENTION,ANTP,2021-09-23,2021-12-09,0,2021-12-09,77.0,58.2,reimbursement_before_carence
sub_K1RAXt6oVbbQC3-250268732522341,ACCIDENT,EXAM,2021-10-06,2021-11-08,2,2021-11-10,35.0,30.4,reimbursement_before_carence
sub_K1RAXt6oVbbQC3-250268732522341,ACCIDENT,PHAR,2021-10-06,2021-11-08,2,2021-11-10,35.0,14.4,reimbursement_before_carence
sub_K1RAXt6oVbbQC3-250268732522341,PREVENTION,VERM,2021-08-25,2021-11-08,0,2021-11-08,75.0,9.0,reimbursement_before_carence
sub_K1RAXt6oVbbQC3-250268732522341,MALADIE,EXAM,2021-11-29,2021-11-08,45,2021-12-23,24.0,30.4,reimbursement_before_carence
sub_K1RAXt6oVbbQC3-250268732522341,MALADIE,EXAM,2021-11-29,2021-11-08,45,2021-12-23,24.0,8.4,reimbursement_before_carence
sub_K1RAXt6oVbbQC3-250268732522341,MALADIE,PHAR,2021-11-29,2021-11-08,45,2021-12-23,24.0,28.0,reimbursement_before_carence
sub_K1RAXt6oVbbQC3-250268732522341,MALADIE,PHAR,2021-11-29,2021-11-08,45,2021-12-23,24.0,4.0,reimbursement_before_carence
sub_1JjMLMF5i98BakySWZifistt-250268712542441,PREVENTION,ANTP,2021-11-04,2021-11-10,0,2021-11-10,6.0,82.2,reimbursement_before_carence
sub_1JbPWkF5i98BakySrECpaZMj-250269608594396,MALADIE,EXAM,2021-10-12,2021-09-19,45,2021-11-03,22.0,42.0,reimbursement_before_carence
sub_1JbPWkF5i98BakySrECpaZMj-250269608594396,MALADIE,EXAM,2021-10-12,2021-09-19,45,2021-11-03,22.0,30.0,reimbursement_before_carence
sub_KDN8sTu0E7V9HC-250268723149258,PREVENTION,EXAMA,2021-12-06,2021-12-09,0,2021-12-09,3.0,65.0,reimbursement_before_carence
sub_KDN8sTu0E7V9HC-250268723149258,PREVENTION,EXAMA,2021-12-06,2021-12-09,0,2021-12-09,3.0,35.0,reimbursement_before_carence
sub_1Jjm3BF5i98BakySM7TxPM0D-250269590549636,PREVENTION,EXAMA,2021-10-20,2021-12-10,0,2021-12-10,51.0,58.0,reimbursement_before_carence
sub_1Jjm3BF5i98BakySM7TxPM0D-250269590549636,PREVENTION,ANTP,2021-10-20,2021-12-10,0,2021-12-10,51.0,29.2,reimbursement_before_carence
sub_K1ovqWH4afJ5t0-250268501680445,PREVENTION,EXAMA,2021-08-25,2021-12-08,0,2021-12-08,105.0,76.0,reimbursement_before_carence
sub_K0zMTwlbe7VOhA-250268743646429,PREVENTION,STER,2021-08-20,2021-10-08,0,2021-10-08,49.0,96.2,reimbursement_before_carence
sub_K0zMTwlbe7VOhA-250268743646429,PREVENTION,PHAR,2021-08-20,2021-10-08,0,2021-10-08,49.0,3.8,reimbursement_before_carence
sub_K0zMTwlbe7VOhA-250268743646429,MALADIE,EXAM,2021-10-08,2021-10-08,45,2021-11-22,45.0,38.0,reimbursement_before_carence
sub_K0zMTwlbe7VOhA-250268743646429,MALADIE,EXAM,2021-10-08,2021-10-08,45,2021-11-22,45.0,12.2,reimbursement_before_carence
sub_K0zMTwlbe7VOhA-250268743646429,MALADIE,EXAM,2021-10-08,2021-10-08,45,2021-11-22,45.0,76.2,reimbursement_before_carence
sub_K0zMTwlbe7VOhA-250268743646429,MALADIE,EXAM,2021-10-08,2021-10-08,45,2021-11-22,45.0,27.5,reimbursement_before_carence
sub_K0zMTwlbe7VOhA-250268743646429,MALADIE,EXAM,2021-10-08,2021-10-08,45,2021-11-22,45.0,55.9,reimbursement_before_carence
sub_K0zMTwlbe7VOhA-250268743646429,MALADIE,EXAM,2021-10-08,2021-10-08,45,2021-11-22,45.0,25.4,reimbursement_before_carence
sub_K0zMTwlbe7VOhA-250268743646429,MALADIE,PHAR,2021-10-08,2021-10-08,45,2021-11-22,45.0,16.0,reimbursement_before_carence
sub_K0zMTwlbe7VOhA-250268743646429,MALADIE,PHAR,2021-10-08,2021-10-08,45,2021-11-22,45.0,8.6,reimbursement_before_carence
sub_K0zMTwlbe7VOhA-250268743646429,MALADIE,EXAM,2021-10-08,2021-10-08,45,2021-11-22,45.0,38.1,reimbursement_before_carence
sub_K0zMTwlbe7VOhA-250268743646429,MALADIE,EXAM,2021-10-08,2021-10-08,45,2021-11-22,45.0,38.0,reimbursement_before_carence
sub_JeTARMMGwbdmkH-990000003542440,ACCIDENT,EXAM,2021-07-26,2021-11-06,2,2021-11-08,105.0,48.5,reimbursement_before_carence
sub_JeTARMMGwbdmkH-990000003542440,ACCIDENT,EXAM,2021-07-26,2021-11-06,2,2021-11-08,105.0,11.0,reimbursement_before_carence
sub_JeTARMMGwbdmkH-990000003542440,ACCIDENT,PHAR,2021-07-26,2021-11-06,2,2021-11-08,105.0,7.6,reimbursement_before_carence
sub_JeTARMMGwbdmkH-990000003542440,PREVENTION,CALIM,2021-07-26,2021-11-06,0,2021-11-06,103.0,26.0,reimbursement_before_carence
sub_JeTARMMGwbdmkH-990000003542440,PREVENTION,CALIM,2021-07-26,2021-11-06,0,2021-11-06,103.0,26.4,reimbursement_before_carence
sub_JeTARMMGwbdmkH-990000003542440,PREVENTION,CALIM,2021-07-26,2021-11-06,0,2021-11-06,103.0,25.0,reimbursement_before_carence
sub_JdhAjg8asX8H8K-250269590261716,MALADIE,EXAM,2021-07-29,2021-09-06,45,2021-10-21,84.0,28.4,reimbursement_before_carence
sub_JdhAjg8asX8H8K-250269590261716,MALADIE,EXAM,2021-07-29,2021-09-06,45,2021-10-21,84.0,9.44,reimbursement_before_carence
sub_JdhAjg8asX8H8K-250269590261716,MALADIE,PHAR,2021-07-29,2021-09-06,45,2021-10-21,84.0,16.64,reimbursement_before_carence
sub_JSxTSdiIpwnFsX-250268501905500,PREVENTION,STER,2021-05-28,2021-11-05,0,2021-11-05,161.0,100.0,reimbursement_before_carence
sub_1JcXjkF5i98BakyS6EEzPy2O-250268732777211,MALADIE,PHAR,2021-10-23,2021-09-22,45,2021-11-06,14.0,39.05,reimbursement_before_carence
sub_KD4opZCFJx1q7V-250269590594292,PREVENTION,VACC,2021-09-14,2021-11-09,0,2021-11-09,56.0,62.5,reimbursement_before_carence
sub_KD4opZCFJx1q7V-250269590594292,PREVENTION,VACC,2021-10-19,2021-11-09,0,2021-11-09,21.0,37.5,reimbursement_before_carence
sub_K1Il3ueucVUqyc-250268743746231,PREVENTION,VACC,2021-08-17,2021-11-08,0,2021-11-08,83.0,47.0,reimbursement_before_carence
sub_K1Il3ueucVUqyc-250268743746231,PREVENTION,ANTP,2021-08-17,2021-11-08,0,2021-11-08,83.0,14.3,reimbursement_before_carence
sub_Je42jJhzPwOKZ0-250268743869388,MALADIE,EXAM,2021-08-25,2021-10-06,45,2021-11-20,87.0,30.4,reimbursement_before_carence
sub_Je42jJhzPwOKZ0-250268743869388,MALADIE,EXAM,2021-08-25,2021-10-06,45,2021-11-20,87.0,8.0,reimbursement_before_carence
sub_Je42jJhzPwOKZ0-250268743869388,MALADIE,PHAR,2021-08-25,2021-10-06,45,2021-11-20,87.0,5.28,reimbursement_before_carence
sub_Je42jJhzPwOKZ0-250268743869388,MALADIE,EXAM,2021-08-25,2021-10-06,45,2021-11-20,87.0,8.0,reimbursement_before_carence
sub_Je42jJhzPwOKZ0-250268743869388,MALADIE,PHAR,2021-08-25,2021-10-06,45,2021-11-20,87.0,12.88,reimbursement_before_carence
sub_K1Ji9rv1udd9db-250269300169210,PREVENTION,STER,2021-10-18,2021-11-08,0,2021-11-08,21.0,100.0,reimbursement_before_carence
sub_KCa4KgTUCjdY86-250269608792560,PREVENTION,VACC,2021-09-14,2021-10-09,0,2021-10-09,25.0,72.0,reimbursement_before_carence
sub_KCa4KgTUCjdY86-250269608792560,PREVENTION,ANTP,2021-09-14,2021-10-09,0,2021-10-09,25.0,28.0,reimbursement_before_carence
sub_1JuuV1F5i98BakySctNS1wcy-250269590517024,PREVENTION,EXAMA,2021-11-15,2021-12-11,0,2021-12-11,26.0,100.0,reimbursement_before_carence
sub_K1g2YSE0c25ZKg-250268712456927,PREVENTION,VACC,2021-11-13,2021-12-08,0,2021-12-08,25.0,74.1,reimbursement_before_carence
sub_KCcVnmmaUfOYHp-250269100285461,PREVENTION,EXAMA,2021-08-30,2021-10-09,0,2021-10-09,40.0,70.5,reimbursement_before_carence
sub_KCcVnmmaUfOYHp-250269100285461,PREVENTION,EXAMA,2021-09-10,2021-10-09,0,2021-10-09,29.0,29.5,reimbursement_before_carence
sub_JpmOOHPSJnV0DZ-250269608890079,MALADIE,EXAM,2021-12-18,2021-11-07,45,2021-12-22,4.0,23.6,reimbursement_before_carence
sub_JpmOOHPSJnV0DZ-250269608890079,MALADIE,PHAR,2021-12-18,2021-11-07,45,2021-12-22,4.0,9.6,reimbursement_before_carence
sub_JpmOOHPSJnV0DZ-250269608890079,MALADIE,PHAR,2021-12-18,2021-11-07,45,2021-12-22,4.0,9.68,reimbursement_before_carence
sub_JpmOOHPSJnV0DZ-250269608890079,MALADIE,PHAR,2021-12-18,2021-11-07,45,2021-12-22,4.0,8.56,reimbursement_before_carence
sub_JpmOOHPSJnV0DZ-250269608890079,MALADIE,EXAM,2021-12-18,2021-11-07,45,2021-12-22,4.0,21.76,reimbursement_before_carence
sub_JpmOOHPSJnV0DZ-250269608890079,MALADIE,EXAM,2021-12-18,2021-11-07,45,2021-12-22,4.0,18.96,reimbursement_before_carence
sub_JpmOOHPSJnV0DZ-250269608890079,MALADIE,EXAM,2021-12-18,2021-11-07,45,2021-12-22,4.0,21.76,reimbursement_before_carence
sub_JpmOOHPSJnV0DZ-250269608890079,MALADIE,EXAM,2021-12-18,2021-11-07,45,2021-12-22,4.0,18.56,reimbursement_before_carence
sub_JpmOOHPSJnV0DZ-250269608890079,MALADIE,EXAM,2021-12-18,2021-11-07,45,2021-12-22,4.0,3.2,reimbursement_before_carence
sub_JpmOOHPSJnV0DZ-250269608890079,MALADIE,PHAR,2021-12-18,2021-11-07,45,2021-12-22,4.0,4.96,reimbursement_before_carence
sub_JpmOOHPSJnV0DZ-250269608890079,MALADIE,PHAR,2021-12-18,2021-11-07,45,2021-12-22,4.0,0.24,reimbursement_before_carence
sub_JpmOOHPSJnV0DZ-250269608890079,MALADIE,PHAR,2021-12-18,2021-11-07,45,2021-12-22,4.0,0.4,reimbursement_before_carence
sub_JpmOOHPSJnV0DZ-250269608890079,MALADIE,EXAM,2021-07-15,2021-11-07,45,2021-12-22,160.0,0.0,reimbursement_before_carence
sub_JpmOOHPSJnV0DZ-250269608890079,MALADIE,PHAR,2021-07-15,2021-11-07,45,2021-12-22,160.0,0.0,reimbursement_before_carence
sub_JpmOOHPSJnV0DZ-250269608890079,MALADIE,PHAR,2021-07-15,2021-11-07,45,2021-12-22,160.0,0.0,reimbursement_before_carence
sub_JpmOOHPSJnV0DZ-250269608890079,MALADIE,PHAR,2021-07-15,2021-11-07,45,2021-12-22,160.0,0.0,reimbursement_before_carence
sub_JpmOOHPSJnV0DZ-250269608890079,MALADIE,PHAR,2021-07-15,2021-11-07,45,2021-12-22,160.0,0.0,reimbursement_before_carence
sub_JpmOOHPSJnV0DZ-250269608890079,PREVENTION,VERM,2021-07-15,2021-11-07,0,2021-11-07,115.0,13.6,reimbursement_before_carence
sub_JpmOOHPSJnV0DZ-250269608890079,PREVENTION,ANTP,2021-07-15,2021-11-07,0,2021-11-07,115.0,7.3,reimbursement_before_carence
sub_JpmOOHPSJnV0DZ-250269608890079,PREVENTION,EXAMA,2021-07-26,2021-11-07,0,2021-11-07,104.0,34.0,reimbursement_before_carence
sub_JpmOOHPSJnV0DZ-250269608890079,PREVENTION,VACC,2021-07-26,2021-11-07,0,2021-11-07,104.0,13.1,reimbursement_before_carence
sub_JdhFFryCGuOoDv-250269501900985,MALADIE,EXAM,2021-08-22,2021-09-06,45,2021-10-21,60.0,29.0,reimbursement_before_carence
sub_1JjLuVF5i98BakySkmZYTk81-100237000131880,MALADIE,EXAM,2021-11-26,2021-11-10,45,2021-12-25,29.0,45.0,reimbursement_before_carence
sub_1JjLuVF5i98BakySkmZYTk81-100237000131880,MALADIE,EXAM,2021-11-26,2021-11-10,45,2021-12-25,29.0,14.4,reimbursement_before_carence
sub_1JjLuVF5i98BakySkmZYTk81-100237000131880,MALADIE,EXAM,2021-11-26,2021-11-10,45,2021-12-25,29.0,21.4,reimbursement_before_carence
sub_1JjMddF5i98BakyS5NbLJrFO-250268743060592,PREVENTION,VACC,2021-11-02,2021-11-10,0,2021-11-10,8.0,71.0,reimbursement_before_carence
sub_1JjMddF5i98BakyS5NbLJrFO-250268743060592,PREVENTION,DET,2021-10-27,2021-11-10,0,2021-11-10,14.0,29.0,reimbursement_before_carence
sub_1JjKcVF5i98BakySY6k5zB5h-250269610059682,PREVENTION,EXAMA,2021-11-04,2021-11-10,0,2021-11-10,6.0,65.0,reimbursement_before_carence
sub_1JjKcVF5i98BakySY6k5zB5h-250269610059682,PREVENTION,VERM,2021-11-04,2021-11-10,0,2021-11-10,6.0,26.1,reimbursement_before_carence
sub_1JjKcVF5i98BakySY6k5zB5h-250269610059682,PREVENTION,ANTP,2021-11-04,2021-11-10,0,2021-11-10,6.0,8.9,reimbursement_before_carence
sub_KD2z20129yxOzf-642099010070554,PREVENTION,STER,2021-09-16,2021-11-09,0,2021-11-09,54.0,100.0,reimbursement_before_carence
sub_K0WMjPCT98ghuO-250269100126665,PREVENTION,ANTP,2021-08-17,2021-09-08,0,2021-09-08,22.0,10.0,reimbursement_before_carence
sub_K0WMjPCT98ghuO-250269100126665,PREVENTION,VERM,2021-08-17,2021-09-08,0,2021-09-08,22.0,12.5,reimbursement_before_carence
sub_1JjQBsF5i98BakySrF8OJrcu-250269590461310,PREVENTION,EXAMA,2021-10-12,2021-11-10,0,2021-11-10,29.0,47.06,reimbursement_before_carence
sub_1JjQBsF5i98BakySrF8OJrcu-250269590461310,PREVENTION,ANTP,2021-10-15,2021-11-10,0,2021-11-10,26.0,36.6,reimbursement_before_carence
sub_1JjnHAF5i98BakySxfLgwpla-250268732738681,ACCIDENT,EXAM,2021-10-20,2021-12-10,2,2021-12-12,53.0,50.0,reimbursement_before_carence
sub_1JjnHAF5i98BakySxfLgwpla-250268732738681,ACCIDENT,PHAR,2021-10-20,2021-12-10,2,2021-12-12,53.0,12.4,reimbursement_before_carence
sub_1JjnHAF5i98BakySxfLgwpla-250268732738681,ACCIDENT,PHAR,2021-10-20,2021-12-10,2,2021-12-12,53.0,20.4,reimbursement_before_carence
sub_1JjhvsF5i98BakySsKShpubo-250268743718123,PREVENTION,ANTP,2021-10-22,2021-12-10,0,2021-12-10,49.0,30.02,reimbursement_before_carence
sub_Joy0WFdLk5BrhQ-250268743785469,PREVENTION,VACC,2021-07-09,2021-09-07,0,2021-09-07,60.0,99.8,reimbursement_before_carence
sub_Joy0WFdLk5BrhQ-250268743785469,MALADIE,EXAM,2021-09-06,2021-09-07,45,2021-10-22,46.0,24.0,reimbursement_before_carence
sub_Joy0WFdLk5BrhQ-250268743785469,MALADIE,EXAM,2021-09-06,2021-09-07,45,2021-10-22,46.0,3.2,reimbursement_before_carence
sub_Joy0WFdLk5BrhQ-250268743785469,MALADIE,PHAR,2021-09-06,2021-09-07,45,2021-10-22,46.0,2.52,reimbursement_before_carence
sub_Joy0WFdLk5BrhQ-250268743785469,MALADIE,PHAR,2021-09-06,2021-09-07,45,2021-10-22,46.0,17.08,reimbursement_before_carence
sub_Joy0WFdLk5BrhQ-250268743785469,PREVENTION,VACC,2021-08-26,2021-09-07,0,2021-09-07,12.0,74.0,reimbursement_before_carence
sub_Joy0WFdLk5BrhQ-250268743785469,PREVENTION,VACC,2021-08-26,2021-09-07,0,2021-09-07,12.0,26.0,reimbursement_before_carence
sub_Joy0WFdLk5BrhQ-250268743785469,PREVENTION,RECOUVREMENT_DALMA,2021-08-26,2021-09-07,0,2021-09-07,12.0,-99.8,reimbursement_before_carence
sub_1JwV82F5i98BakySxDdXI55W-250268712811168,PREVENTION,ANTP,2021-11-02,2021-11-16,0,2021-11-16,14.0,54.0,reimbursement_before_carence
sub_1Jc5QAF5i98BakySENa7n0gQ-250268731852083,MALADIE,PHAR,2021-09-24,2021-09-21,45,2021-11-05,42.0,34.0,reimbursement_before_carence
sub_Jpodsfjlf9z6Vq-250268743814948,PREVENTION,ANTP,2021-11-06,2021-11-07,0,2021-11-07,1.0,20.0,reimbursement_before_carence
sub_Jpodsfjlf9z6Vq-250268743814948,PREVENTION,ANTP,2021-10-06,2021-11-07,0,2021-11-07,32.0,13.0,reimbursement_before_carence
sub_Jpodsfjlf9z6Vq-250268743814948,PREVENTION,VERM,2021-10-06,2021-11-07,0,2021-11-07,32.0,12.0,reimbursement_before_carence
sub_Jpodsfjlf9z6Vq-250268743814948,PREVENTION,VACC,2021-08-11,2021-11-07,0,2021-11-07,88.0,45.0,reimbursement_before_carence
sub_1JuvN0F5i98BakySZ1NHhVqE-250269590620146,PREVENTION,VACC,2021-12-04,2021-12-11,0,2021-12-11,7.0,81.1,reimbursement_before_carence
sub_JSWB8mIMvWdQ9s-250268743652706,PREVENTION,STER,2021-05-28,2021-10-05,0,2021-10-05,130.0,100.0,reimbursement_before_carence
sub_JSWB8mIMvWdQ9s-250268743652706,PREVENTION,EXAMA,2021-05-28,2021-10-05,0,2021-10-05,130.0,0.0,reimbursement_before_carence
sub_JSWB8mIMvWdQ9s-250268743652706,PREVENTION,PHAR,2021-05-28,2021-10-05,0,2021-10-05,130.0,0.0,reimbursement_before_carence
sub_JSWB8mIMvWdQ9s-250268743652706,PREVENTION,PHAR,2021-05-28,2021-10-05,0,2021-10-05,130.0,0.0,reimbursement_before_carence
sub_JSWB8mIMvWdQ9s-250268743652706,PREVENTION,PHAR,2021-05-28,2021-10-05,0,2021-10-05,130.0,0.0,reimbursement_before_carence
sub_KCaKUD7urKtupG-250269590318215,PREVENTION,STER,2021-09-10,2021-10-09,0,2021-10-09,29.0,62.3,reimbursement_before_carence
sub_KCaKUD7urKtupG-250269590318215,PREVENTION,EXAMA,2021-09-10,2021-10-09,0,2021-10-09,29.0,34.1,reimbursement_before_carence
sub_KCaKUD7urKtupG-250269590318215,PREVENTION,VACC,2021-09-10,2021-10-09,0,2021-10-09,29.0,3.6,reimbursement_before_carence
sub_1JjS70F5i98BakySYC9bHJwS-250268732795332,MALADIE,EXAM,2021-12-08,2021-11-10,45,2021-12-25,17.0,31.2,reimbursement_before_carence
sub_Jkma6Wa5gNNp2c-250268743650678,MALADIE,EXAM,2021-07-19,2021-06-28,45,2021-08-12,24.0,0.0,reimbursement_before_carence
sub_Jkma6Wa5gNNp2c-250268743650678,MALADIE,ANTP,2021-07-19,2021-06-28,45,2021-08-12,24.0,0.0,reimbursement_before_carence
sub_Jkma6Wa5gNNp2c-250268743650678,MALADIE,PHAR,2021-07-19,2021-06-28,45,2021-08-12,24.0,0.0,reimbursement_before_carence
sub_Jkma6Wa5gNNp2c-250268743650678,MALADIE,PHAR,2021-07-19,2021-06-28,45,2021-08-12,24.0,0.0,reimbursement_before_carence
sub_1JeiSCF5i98BakySnzeqURi6-250268502067219,MALADIE,EXAM,2021-10-03,2021-09-28,45,2021-11-12,40.0,41.8,reimbursement_before_carence
sub_1JeiSCF5i98BakySnzeqURi6-250268502067219,MALADIE,PHAR,2021-10-03,2021-09-28,45,2021-11-12,40.0,18.4,reimbursement_before_carence
sub_1JeiSCF5i98BakySnzeqURi6-250268502067219,MALADIE,PHAR,2021-10-03,2021-09-28,45,2021-11-12,40.0,4.8,reimbursement_before_carence
sub_JStldlY97PSnOi-250269811802600,PREVENTION,VACC,2021-07-20,2021-11-05,0,2021-11-05,108.0,90.0,reimbursement_before_carence
sub_JStldlY97PSnOi-250269811802600,PREVENTION,ANTP,2021-07-20,2021-11-05,0,2021-11-05,108.0,10.0,reimbursement_before_carence
sub_JStldlY97PSnOi-250269811802600,PREVENTION,VERM,2021-07-20,2021-11-05,0,2021-11-05,108.0,0.0,reimbursement_before_carence
sub_1JeGsVF5i98BakySbaEoiBDI-250269608964395,PREVENTION,VACC,2021-09-23,2021-09-27,0,2021-09-27,4.0,46.2,reimbursement_before_carence
sub_JwQw4Z4IM0vJ8B-250268743579633,MALADIE,EXAM,2021-09-03,2021-07-29,45,2021-09-12,9.0,38.0,reimbursement_before_carence
sub_JwQw4Z4IM0vJ8B-250268743579633,MALADIE,EXAM,2021-09-03,2021-07-29,45,2021-09-12,9.0,9.5,reimbursement_before_carence
sub_JwQw4Z4IM0vJ8B-250268743579633,MALADIE,PHAR,2021-09-03,2021-07-29,45,2021-09-12,9.0,18.5,reimbursement_before_carence
sub_JwQw4Z4IM0vJ8B-250268743579633,MALADIE,PHAR,2021-09-03,2021-07-29,45,2021-09-12,9.0,15.8,reimbursement_before_carence
sub_Jq6OHHDMz4lZOZ-250268600199851,PREVENTION,VACC,2021-07-19,2021-12-07,0,2021-12-07,141.0,17.0,reimbursement_before_carence
sub_Jq6OHHDMz4lZOZ-250268600199851,PREVENTION,EXAMA,2021-07-19,2021-12-07,0,2021-12-07,141.0,35.0,reimbursement_before_carence
sub_Jq6OHHDMz4lZOZ-250268600199851,PREVENTION,CALIM,2021-07-19,2021-12-07,0,2021-12-07,141.0,12.9,reimbursement_before_carence
sub_Jq6OHHDMz4lZOZ-250268600199851,PREVENTION,HYG,2021-07-19,2021-12-07,0,2021-12-07,141.0,14.7,reimbursement_before_carence
sub_JeT1GQUqfcTtCs-250269590277234,MALADIE,EXAM,2021-10-15,2021-11-06,45,2021-12-21,67.0,29.8,reimbursement_before_carence
sub_JeT1GQUqfcTtCs-250269590277234,MALADIE,EXAM,2021-10-15,2021-11-06,45,2021-12-21,67.0,8.9,reimbursement_before_carence
sub_JeT1GQUqfcTtCs-250269590277234,MALADIE,PHAR,2021-10-15,2021-11-06,45,2021-12-21,67.0,5.9,reimbursement_before_carence
sub_JSXmjsVvWxRMgP-250268731492607,MALADIE,EXAM,2021-07-01,2021-10-05,45,2021-11-19,141.0,32.8,reimbursement_before_carence
sub_JSXmjsVvWxRMgP-250268731492607,MALADIE,PHAR,2021-07-01,2021-10-05,45,2021-11-19,141.0,11.92,reimbursement_before_carence
sub_JSXmjsVvWxRMgP-250268731492607,MALADIE,EXAM,2021-08-25,2021-10-05,45,2021-11-19,86.0,32.8,reimbursement_before_carence
sub_JSXmjsVvWxRMgP-250268731492607,ACCIDENT,EXAM,2021-06-20,2021-10-05,2,2021-10-07,109.0,32.0,reimbursement_before_carence
sub_JSXmjsVvWxRMgP-250268731492607,ACCIDENT,EXAM,2021-06-20,2021-10-05,2,2021-10-07,109.0,40.0,reimbursement_before_carence
sub_JSXmjsVvWxRMgP-250268731492607,ACCIDENT,EXAM,2021-06-20,2021-10-05,2,2021-10-07,109.0,30.24,reimbursement_before_carence
sub_JSXmjsVvWxRMgP-250268731492607,ACCIDENT,EXAM,2021-06-20,2021-10-05,2,2021-10-07,109.0,7.6,reimbursement_before_carence
sub_JSXmjsVvWxRMgP-250268731492607,ACCIDENT,EXAM,2021-06-20,2021-10-05,2,2021-10-07,109.0,67.2,reimbursement_before_carence
sub_JSXmjsVvWxRMgP-250268731492607,ACCIDENT,PHAR,2021-06-20,2021-10-05,2,2021-10-07,109.0,15.38,reimbursement_before_carence
sub_JSXmjsVvWxRMgP-250268731492607,ACCIDENT,PHAR,2021-06-20,2021-10-05,2,2021-10-07,109.0,0.75,reimbursement_before_carence
sub_JoWS9LMH2CKphz-250269811610123,MALADIE,EXAM,2021-08-26,2021-08-07,45,2021-09-21,26.0,36.0,reimbursement_before_carence
sub_JoWS9LMH2CKphz-250269811610123,MALADIE,EXAM,2021-08-26,2021-08-07,45,2021-09-21,26.0,8.0,reimbursement_before_carence
sub_JsjEd3PupiIW5o-250269610013029,MALADIE,EXAM,2021-07-28,2021-07-19,45,2021-09-02,36.0,50.0,reimbursement_before_carence
sub_Jdp2Uml6HPKKps-250269608543489,PREVENTION,VERM,2021-06-21,2021-09-06,0,2021-09-06,77.0,100.0,reimbursement_before_carence
sub_Jdp2Uml6HPKKps-250269608543489,MALADIE,EXAM,2021-10-12,2021-09-06,45,2021-10-21,9.0,34.4,reimbursement_before_carence
sub_Jdp2Uml6HPKKps-250269608543489,MALADIE,EXAM,2021-10-01,2021-09-06,45,2021-10-21,20.0,11.84,reimbursement_before_carence
sub_Jdp2Uml6HPKKps-250269608543489,MALADIE,PHAR,2021-10-01,2021-09-06,45,2021-10-21,20.0,40.32,reimbursement_before_carence
sub_KCqn6i0EheceP2-250269608938737,PREVENTION,EXAMA,2021-09-23,2021-11-09,0,2021-11-09,47.0,81.0,reimbursement_before_carence
sub_KCqn6i0EheceP2-250269608938737,PREVENTION,ANTP,2021-09-23,2021-11-09,0,2021-11-09,47.0,13.3,reimbursement_before_carence
sub_JSQiIpr3xJJMxa-250269608803419,PREVENTION,STER,2021-05-27,2021-10-05,0,2021-10-05,131.0,100.0,reimbursement_before_carence
sub_JSQiIpr3xJJMxa-250269608803419,PREVENTION,PHAR,2021-05-27,2021-10-05,0,2021-10-05,131.0,0.0,reimbursement_before_carence
sub_JSQiIpr3xJJMxa-250269608803419,PREVENTION,PHAR,2021-05-27,2021-10-05,0,2021-10-05,131.0,0.0,reimbursement_before_carence
sub_JSQiIpr3xJJMxa-250269608803419,PREVENTION,PHAR,2021-05-27,2021-10-05,0,2021-10-05,131.0,0.0,reimbursement_before_carence
sub_JSQiIpr3xJJMxa-250269608803419,PREVENTION,PHAR,2021-05-27,2021-10-05,0,2021-10-05,131.0,0.0,reimbursement_before_carence
sub_JSQiIpr3xJJMxa-250269608803419,PREVENTION,PHAR,2021-05-27,2021-10-05,0,2021-10-05,131.0,0.0,reimbursement_before_carence
sub_JSQiIpr3xJJMxa-250269608803419,PREVENTION,PHAR,2021-05-27,2021-10-05,0,2021-10-05,131.0,0.0,reimbursement_before_carence
sub_JSQiIpr3xJJMxa-250269608803419,PREVENTION,PHAR,2021-05-27,2021-10-05,0,2021-10-05,131.0,0.0,reimbursement_before_carence
sub_JSQiIpr3xJJMxa-250269608803419,PREVENTION,PHAR,2021-05-27,2021-10-05,0,2021-10-05,131.0,0.0,reimbursement_before_carence
sub_1Jv2wIF5i98BakySRVWI7vMr-250268743976080,PREVENTION,VACC,2021-11-29,2021-12-11,0,2021-12-11,12.0,45.0,reimbursement_before_carence
sub_1Jv2wIF5i98BakySRVWI7vMr-250268743976080,PREVENTION,VERM,2021-11-29,2021-12-11,0,2021-12-11,12.0,1.8,reimbursement_before_carence
sub_1Jv2wIF5i98BakySRVWI7vMr-250268743976080,PREVENTION,ANTP,2021-11-29,2021-12-11,0,2021-12-11,12.0,7.4,reimbursement_before_carence
sub_K1OsjBsjue0vlx-250268743798843,MALADIE,EXAM,2021-11-01,2021-11-08,45,2021-12-23,52.0,33.6,reimbursement_before_carence
sub_K1OsjBsjue0vlx-250268743798843,MALADIE,PHAR,2021-11-01,2021-11-08,45,2021-12-23,52.0,18.4,reimbursement_before_carence
sub_K1OsjBsjue0vlx-250268743798843,MALADIE,PHAR,2021-11-01,2021-11-08,45,2021-12-23,52.0,15.76,reimbursement_before_carence
sub_K1OsjBsjue0vlx-250268743798843,ACCIDENT,EXAM,2021-10-15,2021-11-08,2,2021-11-10,26.0,33.6,reimbursement_before_carence
sub_K1OsjBsjue0vlx-250268743798843,ACCIDENT,EXAM,2021-10-15,2021-11-08,2,2021-11-10,26.0,12.0,reimbursement_before_carence
sub_K1OsjBsjue0vlx-250268743798843,PREVENTION,VACC,2021-08-17,2021-11-08,0,2021-11-08,83.0,75.0,reimbursement_before_carence
sub_K1OsjBsjue0vlx-250268743798843,PREVENTION,VERM,2021-08-17,2021-11-08,0,2021-11-08,83.0,7.8,reimbursement_before_carence
sub_K1OsjBsjue0vlx-250268743798843,PREVENTION,VERM,2021-09-18,2021-11-08,0,2021-11-08,51.0,17.2,reimbursement_before_carence
sub_Jq2btdk9r2Eevw-250268501977762,PREVENTION,EXAMA,2021-08-02,2021-12-07,0,2021-12-07,127.0,38.0,reimbursement_before_carence
sub_Jq2btdk9r2Eevw-250268501977762,PREVENTION,ANTP,2021-08-02,2021-12-07,0,2021-12-07,127.0,28.46,reimbursement_before_carence
sub_Jq2btdk9r2Eevw-250268501977762,MALADIE,EXAM,2021-11-05,2021-12-07,45,2022-01-21,77.0,40.0,reimbursement_before_carence
sub_Jq2btdk9r2Eevw-250268501977762,MALADIE,EXAM,2021-11-05,2021-12-07,45,2022-01-21,77.0,10.0,reimbursement_before_carence
sub_Jq2btdk9r2Eevw-250268501977762,MALADIE,PHAR,2021-11-05,2021-12-07,45,2022-01-21,77.0,69.4,reimbursement_before_carence
sub_Jq2btdk9r2Eevw-250268501977762,MALADIE,PHAR,2021-11-05,2021-12-07,45,2022-01-21,77.0,6.79,reimbursement_before_carence
sub_Jq2btdk9r2Eevw-250268501977762,MALADIE,EXAM,2021-11-05,2021-12-07,45,2022-01-21,77.0,43.0,reimbursement_before_carence
sub_Jq2btdk9r2Eevw-250268501977762,PREVENTION,VERM,2021-07-13,2021-12-07,0,2021-12-07,147.0,17.34,reimbursement_before_carence
sub_Jq2btdk9r2Eevw-250268501977762,PREVENTION,ANTP,2021-07-13,2021-12-07,0,2021-12-07,147.0,16.2,reimbursement_before_carence
sub_Jq2btdk9r2Eevw-250268501977762,ACCIDENT,EXAM,2021-09-08,2021-12-07,2,2021-12-09,92.0,102.0,reimbursement_before_carence
sub_Jq2btdk9r2Eevw-250268501977762,ACCIDENT,EXAM,2021-09-08,2021-12-07,2,2021-12-09,92.0,72.0,reimbursement_before_carence
sub_Jq2btdk9r2Eevw-250268501977762,ACCIDENT,EXAM,2021-09-08,2021-12-07,2,2021-12-09,92.0,70.0,reimbursement_before_carence
sub_Jq2btdk9r2Eevw-250268501977762,ACCIDENT,EXAM,2021-09-08,2021-12-07,2,2021-12-09,92.0,20.0,reimbursement_before_carence
sub_JpFy3TJY8lkL6z-250269608317006,MALADIE,EXAM,2021-09-12,2021-10-07,45,2021-11-21,70.0,120.0,reimbursement_before_carence
sub_JpFy3TJY8lkL6z-250269608317006,MALADIE,EXAM,2021-09-12,2021-10-07,45,2021-11-21,70.0,70.0,reimbursement_before_carence
sub_JpFy3TJY8lkL6z-250269608317006,MALADIE,EXAM,2021-10-01,2021-10-07,45,2021-11-21,51.0,230.0,reimbursement_before_carence
sub_JpFy3TJY8lkL6z-250269608317006,MALADIE,PHAR,2021-10-01,2021-10-07,45,2021-11-21,51.0,33.0,reimbursement_before_carence
sub_JpFy3TJY8lkL6z-250269608317006,MALADIE,EXAM,2021-08-30,2021-10-07,45,2021-11-21,83.0,40.0,reimbursement_before_carence
sub_JpFy3TJY8lkL6z-250269608317006,MALADIE,EXAM,2021-08-30,2021-10-07,45,2021-11-21,83.0,65.0,reimbursement_before_carence
sub_JpFy3TJY8lkL6z-250269608317006,MALADIE,EXAM,2021-10-01,2021-10-07,45,2021-11-21,51.0,18.0,reimbursement_before_carence
sub_JpFy3TJY8lkL6z-250269608317006,MALADIE,EXAM,2021-10-01,2021-10-07,45,2021-11-21,51.0,33.0,reimbursement_before_carence
sub_1JjK9QF5i98BakySdQrcKZGu-250269300174011,MALADIE,EXAM,2021-10-27,2021-11-10,45,2021-12-25,59.0,30.6,reimbursement_before_carence
sub_1JjK9QF5i98BakySdQrcKZGu-250269300174011,PREVENTION,VACC,2021-10-27,2021-11-10,0,2021-11-10,14.0,64.0,reimbursement_before_carence
sub_1JjK9QF5i98BakySdQrcKZGu-250269300174011,PREVENTION,VERM,2021-10-27,2021-11-10,0,2021-11-10,14.0,5.4,reimbursement_before_carence
sub_K1EcEVBpgQuyD4-250269590375236,MALADIE,EXAM,2021-10-05,2021-11-08,45,2021-12-23,79.0,35.0,reimbursement_before_carence
sub_K1EcEVBpgQuyD4-250269590375236,MALADIE,EXAM,2021-10-05,2021-11-08,45,2021-12-23,79.0,10.0,reimbursement_before_carence
sub_K1EcEVBpgQuyD4-250269590375236,MALADIE,PHAR,2021-10-05,2021-11-08,45,2021-12-23,79.0,14.2,reimbursement_before_carence
sub_K1EcEVBpgQuyD4-250269590375236,MALADIE,PHAR,2021-10-05,2021-11-08,45,2021-12-23,79.0,30.1,reimbursement_before_carence
sub_K1EcEVBpgQuyD4-250269590375236,PREVENTION,VERM,2021-10-05,2021-11-08,0,2021-11-08,34.0,4.7,reimbursement_before_carence
sub_1JnNWNF5i98BakyScgvZGNcB-967000010334304,PREVENTION,VACC,2021-10-09,2021-10-22,0,2021-10-22,13.0,38.0,reimbursement_before_carence
sub_JoVb10wddJm0tT-250268600273641,PREVENTION,VACC,2021-07-26,2021-08-07,0,2021-08-07,12.0,65.0,reimbursement_before_carence
sub_JoVb10wddJm0tT-250268600273641,MALADIE,PHAR,2021-07-26,2021-08-07,45,2021-09-21,57.0,0.0,reimbursement_before_carence
